filename,Algorithm,Accuracy Gen,Accuracy Orig,Accuracy Bal Gen,Accuracy Bal Orig,K1 Dist,Disparate Impact,Disparate Impact Gen,Equal Opp. Diff,Statistical Par. Diff,Theil Index,Avg. Odds
Original_0_0_0,LinSVC,0.8993744414655943,0.9020735416090682,0.6404158986822384,0.6471166932481778,0.0024987263953791658,0.7637852898585759,0.8052153730150351,0.13847746456442106,0.1482513788117502,0.09074482535010923,0.10545420920561979
sample_data_0_25_0-age.csv,LinSVC,0.9957327971403039,0.862560132706663,0.9902268699892719,0.49847180578249367,0.656772642867493,0.5731139530007776,0.5081463952229193,-0.016324255454690236,-0.015328809555009867,0.13087783572474504,-0.015427608431146031
sample_data_0_26_0-age.csv,LinSVC,0.9961349419124218,0.8200718827757811,0.9929372158128063,0.48527685552383454,0.5795087208343194,0.5276978396268819,0.6778743480699051,-0.03487816531294792,-0.040396734934451915,0.14304203956434527,-0.035123754788506836
sample_data_1_25_0-age.csv,LinSVC,0.9954423592493298,0.8378766933923141,0.9751781584712755,0.4967937790859204,0.8982274002334008,0.39852096727861996,0.9210751828879534,-0.03145405319318363,-0.023325431746905254,0.1371104799637123,-0.025233091424908028
sample_data_1_26_0-age.csv,LinSVC,0.994436997319035,0.8160906828863699,0.9900696579823155,0.4959364942780796,0.8742977808422012,0.03999906575211387,0.921158968979852,-0.011387163561076594,0.0035394035346780067,0.14123497051895698,0.00022111098163186266
sample_data_2_25_0-age.csv,LinSVC,0.9981009830205541,0.8723251313243019,0.9952301238712449,0.4984666948640212,0.6525082514653218,0.36023336171065157,0.13044710353122133,-0.00127408823060997,-0.004821721643185896,0.1280928607732026,-0.0033787731584338523
sample_data_2_26_0-age.csv,LinSVC,0.9987935656836461,0.8713298313519491,0.9961064337151034,0.501182850610487,0.630907962094454,0.04310426548604207,0.594630522899667,0.008122312470138556,-0.0006857611803873075,0.12785524872740747,0.0016413005380190623
