filename,Algorithm,Accuracy Gen,Accuracy Orig,Accuracy Bal Gen,Accuracy Bal Orig,K1 Dist,Disparate Impact,Disparate Impact Gen,Equal Opp. Diff,Statistical Par. Diff,Theil Index,Avg. Odds
Original_0_0_0,NeuralNet,0.8926496872207328,0.8962123306607687,0.675304158080646,0.6453009805190056,0.0036088941401653395,0.7984560180756025,0.8175384125952371,0.06357169400647665,0.12736170166336977,0.09263815426542686,0.06835555562505154
sample_data_0_25_0-age.csv,NeuralNet,0.9961647304140602,0.8529167818634228,0.9913231951722535,0.5046269990340058,0.6599230735307104,0.21379722110405475,0.5096099555570303,-0.019827998088867652,-0.005619085889339581,0.13200667637208952,-0.011345057302069314
sample_data_0_26_0-age.csv,NeuralNet,0.9959413166517725,0.8545018892267993,0.9917567059658516,0.5003999656233763,0.5818066835353379,0.4039870482392191,0.6670674328366403,-0.004671656845569889,-0.007735410692020564,0.13183376641765845,-0.007036925456437631
sample_data_1_25_0-age.csv,NeuralNet,0.9727807566279417,0.8435535895309187,0.8167292985232067,0.5091643029778514,0.8932139244097458,0.2804480025132334,0.9469930921277264,-0.0160588204066465,-0.01513469022850551,0.1332083065443609,-0.018267745894900895
sample_data_1_26_0-age.csv,NeuralNet,0.9530458742925232,0.8321997972537094,0.6598272892748571,0.49050445406532184,0.876593081379267,0.37160298102490863,0.9738529279491283,-0.0230928491798057,-0.013448876951792206,0.13952206993100294,-0.013867180020165425
sample_data_2_25_0-age.csv,NeuralNet,0.925491510277033,0.865523914846558,0.6653242505301908,0.49823687123322546,0.6533635628596136,0.3754787662625764,0.6733661512140817,0.03405531666401232,0.02561692532548381,0.1299254278289391,0.02907522646006423
sample_data_2_26_0-age.csv,NeuralNet,0.9643655049151026,0.8726016035388443,0.8306246004431864,0.5032695574360894,0.6278072764411142,0.788235790166471,0.7191403776077853,0.0837713011626055,0.07934929566251353,0.12702381862457396,0.08096639434635682
