filename,Algorithm,Accuracy Gen,Accuracy Orig,Accuracy Bal Gen,Accuracy Bal Orig,K1 Dist,Disparate Impact,Disparate Impact Gen,Equal Opp. Diff,Statistical Par. Diff,Theil Index,Avg. Odds
Original_0_0_0,LogReg,0.9002457551385165,0.9031794304672381,0.6443894093361534,0.6549173546430519,0.003374437409361349,0.7840495479628977,0.7992784420947572,0.19222806179327917,0.17158077643336486,0.0889459822055158,0.1361494585669462
sample_data_0_25_0-age.csv,LogReg,0.9954870420017873,0.8738180812828311,0.9886914220528977,0.49685227202373794,0.6510552613778009,0.7343045655191777,0.5097145154228999,-0.005574136008918618,-0.007888795085711489,0.12795619448149007,-0.006405307854107732
sample_data_0_26_0-age.csv,LogReg,0.9965370866845398,0.8749792645839094,0.9919556409883231,0.4983297329028679,0.5823505957010221,0.7139866793529972,0.6797868469977927,-0.007803790412486066,-0.007125615562405161,0.127313405604474,-0.006962392273739225
sample_data_1_25_0-age.csv,LogReg,0.9952412868632707,0.8566215095382914,0.9744851509250243,0.49633894581432053,0.8920753376321973,0.574980205332251,0.9238131974107956,-0.012342729734034082,-0.019307777236705858,0.1328805949795095,-0.01643863855657128
sample_data_1_26_0-age.csv,LogReg,0.9943476318141198,0.8577273983964611,0.9866246353072585,0.4965551906393307,0.8732331361963505,0.24686703051439762,0.9192159805603014,-0.011227902532250358,-0.007797021393492187,0.1325511267615403,-0.007972645626860952
sample_data_2_25_0-age.csv,LogReg,0.9982126899016979,0.8800663533314902,0.9958217890859841,0.49916047171262,0.650837735942735,0.12077315956322654,0.07476004462023089,0.0014333492594362158,0.00045965046456032926,0.12555032976100475,0.0010026342551353014
sample_data_2_26_0-age.csv,LogReg,0.9982573726541555,0.8797898811169478,0.9950494585006912,0.49900391839055847,0.6312437143092616,0.0436479981214043,0.5987673584193655,0.0014333492594362158,0.0001661198786732797,0.12566919754671552,0.000838592260384645
