filename,Algorithm,Accuracy Gen,Accuracy Orig,Accuracy Bal Gen,Accuracy Bal Orig,K1 Dist,Disparate Impact,Disparate Impact Gen,Equal Opp. Diff,Statistical Par. Diff,Theil Index,Avg. Odds
Original_0_0_0,RandomForest,0.9038873994638068,0.9064418025988388,0.6926048400689419,0.7035830823449166,0.002920190336532038,0.6876740345742149,0.738026954628834,0.06564739608217868,0.15469264080000295,0.07869114614229314,0.07175719555143141
sample_data_0_25_0-age.csv,RandomForest,0.9954647006255584,0.8593641139065525,0.9910185975055489,0.5087971158912452,0.659249339875313,0.46217637615257906,0.49769022019142656,-0.03760152890587674,-0.016985271635047473,0.12958318408601416,-0.026023958775870226
sample_data_0_26_0-age.csv,RandomForest,0.9964924039320822,0.8563339784351672,0.9913531754684856,0.5022436636152678,0.58360606837489,0.729097170157953,0.6807143893320947,-0.04276158623984712,-0.027331210975932503,0.1317187289331335,-0.03307727087501898
sample_data_1_25_0-age.csv,RandomForest,0.9951966041108132,0.8611888305225325,0.9748997383154819,0.496670380146979,0.8963361593400359,0.5435109734187918,0.9234692604401953,-0.021595795508838986,-0.014985443005520831,0.13161253924226474,-0.01626947460978171
sample_data_1_26_0-age.csv,RandomForest,0.9944146559428061,0.7962952723251313,0.9844987528270351,0.4804226075544998,0.8712132554236331,0.5250774871752963,0.921464650670336,-0.05902213728300685,-0.05562100179782596,0.14760490223780254,-0.05190111325012488
sample_data_2_25_0-age.csv,RandomForest,0.9980786416443251,0.8783079900470003,0.9939835918903108,0.49742684935048426,0.6508521137175876,0.37499314475208656,0.06731902950669048,-0.0002229654403567447,-0.00179266474048042,0.12644385766168126,-0.0006069840541165683
sample_data_2_26_0-age.csv,RandomForest,0.9987712243074174,0.876018800110589,0.9961886740855421,0.4984264112379361,0.6324394625873708,0.4924699002936196,0.5694471155300105,-0.002070393374741201,-0.004123861752065355,0.126968228386545,-0.0031126839150473875
