filename,Algorithm,Accuracy Gen,Accuracy Orig,Accuracy Bal Gen,Accuracy Bal Orig,K1 Dist,Disparate Impact,Disparate Impact Gen,Equal Opp. Diff,Statistical Par. Diff,Theil Index,Avg. Odds
Original_0_0_0,Tree,0.875089365504915,0.8770804534144319,0.7009083511396981,0.7071275679331919,0.002657920836054485,0.657950442776818,0.6735450768837762,0.1031055900621118,0.2067212974286497,0.0842339115227487,0.11913809686832624
sample_data_0_25_0-age.csv,Tree,0.9935433422698837,0.81074923970141,0.9858452185691368,0.4950437201046782,0.6570947956416654,0.5186847141879208,0.5206446215668723,-0.05894250676859373,-0.049012871441870276,0.14224140040499114,-0.051358424895265396
sample_data_0_26_0-age.csv,Tree,0.9936103663985703,0.8264528614874205,0.9865941954175514,0.49692548807643727,0.5811576248345032,0.23807364316918242,0.6772622748847072,-0.026692148431278862,0.0009704104412208786,0.13925159888451039,-0.006539155018810641
sample_data_1_25_0-age.csv,Tree,0.9935656836461126,0.8475863975670446,0.9769465068159688,0.532547604343529,0.901262366175095,0.87171443821965,0.918065771170515,0.3683229813664596,0.3175596196647953,0.12728140138029384,0.3285090490902808
sample_data_1_26_0-age.csv,Tree,0.9925826630920465,0.8361846834393143,0.9693106786657213,0.5035430798637388,0.8700806152373284,0.5049090522957235,0.9233887086445052,-0.06779741997133301,-0.032769117834181086,0.13596413934096357,-0.04492362816719011
sample_data_2_25_0-age.csv,Tree,0.9973413762287757,0.864606027094277,0.992775702059156,0.49712949274000984,0.6487720725053163,0.5066190806769233,0.1370356820865702,-0.002197802197802198,-0.011724253960316898,0.13058759276721357,-0.008187567484738673
sample_data_2_26_0-age.csv,Tree,0.9986371760500447,0.8646613215371854,0.9960191410352183,0.4972018002507458,0.6320084170233119,0.49726689834007487,0.5933702858222354,-0.008170090778786433,-0.011284957928772219,0.13055341794966113,-0.009710106145687568
