filename,Algorithm,Accuracy Gen,Accuracy Orig,Accuracy Bal Gen,Accuracy Bal Orig,K1 Dist,Disparate Impact,Disparate Impact Gen,Equal Opp. Diff,Statistical Par. Diff,Theil Index,Avg. Odds
Original_0_0_0,LinSVC,0.9000446827524575,0.9020735416090682,0.6427012028584426,0.6471166932481778,0.0027086281491852373,0.7637852898585759,0.8069640740695911,0.13847746456442106,0.1482513788117502,0.09074482535010923,0.10545420920561979
sample_data_0_5_0-age.csv,LinSVC,0.9209785522788204,0.8917887752280895,0.6449380914590959,0.5966063471747778,0.07018240835645015,0.7868540992880548,0.7205444390094553,0.15010351966873703,0.12353085288537494,0.10333628061969335,0.10584899042745796
sample_data_0_6_0-age.csv,LinSVC,0.9254691689008044,0.8916228918993643,0.6560597602443832,0.607786547920528,0.03050522427990788,0.6431264529764001,0.6039845188518832,0.038859691033604093,0.07648982552050429,0.10121478655010366,0.03538795877733584
sample_data_1_5_0-age.csv,LinSVC,0.9415773011617515,0.8813381255183854,0.7740153036751579,0.6212312821119275,0.12773202085105786,0.4088896313458889,0.3639009931470246,-0.251632425545469,-0.028301096357684807,0.10117795572804789,-0.13126200195649393
sample_data_1_6_0-age.csv,LinSVC,0.9194816800714923,0.8794581144594968,0.6512997595624714,0.5734303147130173,0.21165441724655892,0.660398476122838,0.8131536051886255,0.05860805860805862,0.0772873573388288,0.11126439077879857,0.051783453172342064
sample_data_2_5_0-age.csv,LinSVC,0.919302949061662,0.8993088194636438,0.6338330928200431,0.6330471218988681,0.10452108890017224,0.7908721583981358,0.5783351377391356,0.14683866857779904,0.15651894286090606,0.09420896438382231,0.11790117760786736
sample_data_2_6_0-age.csv,LinSVC,0.9065236818588025,0.8920099529997236,0.6170937055203416,0.5903770786522706,0.10200696006657535,0.43628518364340857,0.47911058692326974,-0.06704889313584966,0.027397547212621276,0.1044738358990989,-0.02673270294328532
