filename,Algorithm,Accuracy Gen,Accuracy Orig,Accuracy Bal Gen,Accuracy Bal Orig,K1 Dist,Disparate Impact,Disparate Impact Gen,Equal Opp. Diff,Statistical Par. Diff,Theil Index,Avg. Odds
Original_0_0_0,NeuralNet,0.8942135835567471,0.887789143857709,0.6277161275823759,0.5855955485665891,0.0032922028247193654,0.8998417957644412,0.816097908287604,0.0395763656633222,0.08186643447866679,0.10631878199471166,0.045779140494875005
sample_data_0_5_0-age.csv,NeuralNet,0.925565981531129,0.8842318680305962,0.721499600360671,0.628062807417159,0.06571592252486885,0.7432904133492709,0.660722402577465,0.14694484259701654,0.16608820753299466,0.09907315852048548,0.12616725548332983
