filename,Algorithm,Accuracy Gen,Accuracy Orig,Accuracy Bal Gen,Accuracy Bal Orig,K1 Dist,Disparate Impact,Disparate Impact Gen,Equal Opp. Diff,Statistical Par. Diff,Theil Index,Avg. Odds
Original_0_0_0,RandomForest,0.9037086684539769,0.9071163948023223,0.686123359594323,0.70503099045516,0.0028719699314302635,0.6891671563755496,0.7281006477958061,0.059085841694537344,0.15560645653339877,0.07824154652312675,0.06999970016960647
sample_data_0_5_0-age.csv,RandomForest,0.9460902591599643,0.8892009952999723,0.7904420210087977,0.5941570837685161,0.06876564861473582,0.7525386689784538,0.5897214538471764,0.11614906832298137,0.110437031572943,0.1045365100374143,0.08691886843452137
sample_data_0_6_0-age.csv,RandomForest,0.9507149240393208,0.8880951064418025,0.7921798547876437,0.5993934195045434,0.02889918147636013,0.6361899349170612,0.4529605671069021,0.04745978659022137,0.07458931133088388,0.10381627195803075,0.03904966042298513
sample_data_1_5_0-age.csv,RandomForest,0.9744638069705094,0.8785955211501244,0.9153810701138957,0.5388324922069592,0.12585631284877427,0.21385711468671484,0.4063103654301908,-0.07427934384456122,-0.005715261143912433,0.11834274070234622,-0.03774124024475883
sample_data_1_6_0-age.csv,RandomForest,0.9608579088471849,0.8784738733757257,0.8720621539477472,0.5477009212437945,0.20940632294888065,0.6946165583350725,0.656268725530975,0.07650899824812868,0.06378979880950027,0.11663353977574042,0.05497970785568893
sample_data_2_5_0-age.csv,RandomForest,0.9488605898123325,0.8866795687033454,0.8003609206598978,0.6551265175758183,0.1043648720112647,0.5369417776214004,0.5548016304757086,-0.0322822105430801,0.08616228113538413,0.09305455492551933,0.007113460901515477
sample_data_2_6_0-age.csv,RandomForest,0.939343163538874,0.8877191042300249,0.7899028743459251,0.5762222730453297,0.10283574068212671,0.4226746661413682,0.30034803656359665,-0.04981684981684982,0.024709063989891155,0.10843837401923447,-0.019360916186521318
