filename,Algorithm,Accuracy Gen,Accuracy Orig,Accuracy Bal Gen,Accuracy Bal Orig,K1 Dist,Disparate Impact,Disparate Impact Gen,Equal Opp. Diff,Statistical Par. Diff,Theil Index,Avg. Odds
Original_0_0_0,LogReg,0.9006255585344057,0.9031794304672381,0.647090285971122,0.6549173546430519,0.0033374397749306854,0.7840495479628977,0.8102141208163433,0.19222806179327917,0.17158077643336486,0.0889459822055158,0.1361494585669462
sample_data_0_5_0-age.csv,LogReg,0.9212466487935655,0.8918993641139066,0.6583180161960593,0.6032284639153767,0.06984198845457582,0.80952062692112,0.7177033593906398,0.1798853320592451,0.150196500713243,0.10202362463728779,0.13197319539246455
sample_data_0_6_0-age.csv,LogReg,0.9238382484361036,0.8930273707492397,0.6537759898778963,0.6115336117318988,0.029860936003005843,0.6576117448361196,0.6013945892217698,0.03449593884376495,0.08134112923757902,0.10010027458503419,0.036441692891633945
sample_data_1_5_0-age.csv,LogReg,0.9391644325290438,0.8799557644456734,0.743678168742238,0.604869713898656,0.12806770322550748,0.5746880955077371,0.6948145503011985,-0.2312470138557095,-0.0359981330225875,0.10482538972281877,-0.1258641828618815
sample_data_1_6_0-age.csv,LogReg,0.9209785522788204,0.8814487144042025,0.667181018134408,0.5700478455362652,0.20954724945080133,0.6386135292440329,0.8014907834340151,0.03424112119764294,0.0638005904573011,0.1113998615729794,0.035753435964709375
sample_data_2_5_0-age.csv,LogReg,0.9206657730116176,0.8974288084047555,0.6447579084085773,0.6325975120037037,0.1077754872761516,0.8216992186095995,0.710525471150644,0.19644847905717472,0.19154739158834622,0.09481353703551178,0.15802179955580617
sample_data_2_6_0-age.csv,LogReg,0.9046693476318142,0.8903179430467238,0.6099667714551952,0.5908538619425799,0.09815255789951613,0.6650405601092462,0.4407113513619648,0.02795031055900621,0.07023739502581003,0.10486494724240883,0.03246953329706572
