filename,Algorithm,Accuracy Gen,Accuracy Orig,Accuracy Bal Gen,Accuracy Bal Orig,K1 Dist,Disparate Impact,Disparate Impact Gen,Equal Opp. Diff,Statistical Par. Diff,Theil Index,Avg. Odds
Original_0_0_0,Tree,0.8726988382484361,0.8777550456179153,0.7017920180365333,0.7076735454243164,0.0032516915244100173,0.661388099833288,0.6770293287552677,0.10705526357700271,0.208555799354445,0.08399712572570463,0.1214869493738032
sample_data_0_5_0-age.csv,Tree,0.9203753351206434,0.8487475808681226,0.7762004966336431,0.632581483784568,0.06911500814463697,0.5103566258445997,0.5545985856917873,0.04753941710463448,0.1145866212389683,0.10515472042846485,0.058035043441011715
sample_data_0_6_0-age.csv,Tree,0.9262511170688115,0.8500525297207631,0.7875120595376519,0.6279088317499844,0.02991902598425671,0.4973466916502488,0.39466743471360477,0.027090301003344485,0.10492923594798424,0.1059799080646481,0.04628871573503042
sample_data_1_5_0-age.csv,Tree,0.9640527256478999,0.8257893281725186,0.9027958281314741,0.6061753271727678,0.12669541374454946,0.27284615453891964,0.308499658184762,-0.07204968944099381,0.048593773442648494,0.11433004181891393,-0.017691700406746003
sample_data_1_6_0-age.csv,Tree,0.9447050938337801,0.8271385125794858,0.8522875429655091,0.5830381459777751,0.20849382099783392,0.48277161357350007,0.5857484857950135,0.11309125656951742,0.1043257415319917,0.11950695761987007,0.08482298481889565
sample_data_2_5_0-age.csv,Tree,0.9271671134941913,0.807343102018247,0.7935491622515144,0.6669416115888996,0.10339902732660063,0.40025324785109345,0.5196470640362759,-0.14042044911610127,0.12156428174601712,0.10166969184315662,-0.0039327492116047556
sample_data_2_6_0-age.csv,Tree,0.914343163538874,0.8285319325407796,0.7838314713742999,0.6041616104974656,0.1022101308364114,0.2996252204562575,0.23416863817773778,-0.07846790890269151,0.05314449737118364,0.11445433752481382,-0.015827929587169824
