,DI,Stat Par,Avg Odds,Eq Opp,Theil,prec,rec,acc,bal_acc,DI_sem,Stat Par_sem,Avg Odds_sem,Eq Opp_sem,Theil_sem,prec_sem,rec_sem,acc_sem,bal_acc_sem
Base,0.04133333333333333,0.033,0.154,0.20966666666666667,0.11666666666666665,0.5143333333333334,0.7233333333333333,0.7626666666666667,0.749,0.014193112570695849,0.02779088579612628,0.0030550504633038962,0.00906151814604546,0.002027587510099403,0.0029627314724385307,0.010989894347889701,0.001763834207376397,0.002645751311064579
Original,0.652,-0.535,-0.036,-0.012,0.091,0.804,0.705,0.884,0.824,,,,,,,,,
WGAN-gmm-t-100_sex,0.042,0.049999999999999996,0.14866666666666664,0.18899999999999997,0.11299999999999999,0.49733333333333335,0.7483333333333334,0.7493333333333334,0.7486666666666667,0.016258331197676265,0.020223748416156685,0.007666666666666675,0.009451631252505224,0.0026457513110645873,0.013093679560934919,0.016895101196632272,0.009614803401237307,0.0006666666666666718
WGAN-gmm-t-15_sex,0.02266666666666667,0.021666666666666667,0.14133333333333334,0.18566666666666665,0.11499999999999999,0.5033333333333333,0.7373333333333333,0.7543333333333333,0.749,0.008353309390761112,0.012387269450708031,0.0063595946761129726,0.011609383178178662,0.0020816659994661265,0.0029627314724385307,0.008743251365736013,0.002027587510099391,0.0015275252316519481
WGAN-gmm-t-1_sex,0.25066666666666665,-0.324,0.035,0.08800000000000001,0.103,0.51,0.7856666666666667,0.7593333333333333,0.7683333333333334,0.06152596561163785,0.09673847907287635,0.033650160970392605,0.037000000000000005,0.00503322295684717,0.00916515138991169,0.02520802341407286,0.006437735971942686,0.0042557151116012415
WGAN-gmm-t-2_sex,0.048666666666666664,-0.0013333333333333298,0.13133333333333333,0.17200000000000001,0.11466666666666665,0.49700000000000005,0.746,0.75,0.749,0.012170090842352455,0.04247482914752114,0.01670661878152222,0.02051828452868319,0.00338296385503074,0.0040414518843273845,0.014571661996262947,0.0030550504633038962,0.00351188458428426
