,DI,Stat Par,Avg Odds,Eq Opp,Theil,prec,rec,acc,bal_acc,DI_sem,Stat Par_sem,Avg Odds_sem,Eq Opp_sem,Theil_sem,prec_sem,rec_sem,acc_sem,bal_acc_sem
Base,0.052,-0.029666666666666664,-0.19499999999999998,-0.35333333333333333,0.07233333333333332,0.39433333333333337,0.7080000000000001,0.832,0.7783333333333333,0.023352373184182665,0.016179548132682128,0.009291573243177578,0.015014807506073608,0.0006666666666666668,0.03502538761780914,0.05076416058598824,0.024556058315617347,0.008089774066341066
Original,0.692,0.463,0.07,0.06,0.079,0.65,0.432,0.906,0.701,,,,,,,,,
VGAN-norm-n-.1_age,0.06066666666666667,-0.050666666666666665,-0.20433333333333334,-0.36000000000000004,0.07266666666666666,0.32866666666666666,0.7946666666666667,0.7843333333333334,0.7886666666666667,0.017285189549952236,0.011348029687032805,0.005044248650140515,0.007211102550927985,0.0008819171036881967,0.014768585277917143,0.01086789359126743,0.01344536268673249,0.00290593262902711
VGAN-norm-n-.25_age,0.034,-0.02033333333333333,-0.20033333333333334,-0.36766666666666664,0.07133333333333332,0.36533333333333334,0.757,0.8170000000000001,0.791,0.009643650760992955,0.010651030205780305,0.006984108946585651,0.015835964693626282,0.00033333333333333424,0.009024657580453935,0.016862186493255653,0.007234178138070204,0.0032145502536643387
VGAN-norm-n-.5_age,0.04633333333333333,-0.032,-0.204,-0.37200000000000005,0.07133333333333332,0.37233333333333335,0.7473333333333333,0.8216666666666667,0.7896666666666667,0.010651030205780305,0.006,0.002516611478423569,0.007000000000000007,0.00033333333333333424,0.014836142056178602,0.01953913451967047,0.010170764201594849,0.0032829526005987114
