,DI,Stat Par,Avg Odds,Eq Opp,Theil,prec,rec,acc,bal_acc,DI_sem,Stat Par_sem,Avg Odds_sem,Eq Opp_sem,Theil_sem,prec_sem,rec_sem,acc_sem,bal_acc_sem
Base,0.023000000000000003,0.019,0.04633333333333334,0.07566666666666666,0.229,0.703,0.6930000000000001,0.676,0.6750000000000002,0.008544003745317533,0.02051828452868319,0.004055175020198815,0.024659908984242244,0.020033305601755626,0.005131601439446888,0.0332615894589139,0.0070237691685684596,0.005000000000000014
Original,0.266,-0.547,-0.149,-0.128,0.221,0.676,0.71,0.66,0.655,,,,,,,,,
sample_data_parallel_compas-race-VGAN-norm-d-AvgOdd_race,0.042,-0.056333333333333326,0.019,0.03166666666666667,0.26299999999999996,0.6993333333333333,0.641,0.656,0.6573333333333333,0.014571661996262931,0.027357712704910924,0.010115993936995677,0.0182056157392285,0.02930870177950569,0.011623730516108459,0.046872166581031834,0.007549834435270749,0.004630814663149945
sample_data_parallel_compas-race-VGAN-norm-d-EqOp_race,0.048999999999999995,-0.07833333333333334,0.013666666666666667,0.037,0.23833333333333337,0.7053333333333333,0.6769999999999999,0.6723333333333334,0.672,0.013051181300301265,0.02224360082760383,0.007310570733153771,0.017776388834631177,0.014437605218471816,0.009333333333333351,0.024637369989509855,0.0014529663145135348,0.0011547005383792527
sample_data_parallel_compas-race-VGAN-norm-d-None_race,0.4056666666666667,-0.8276666666666667,-0.23466666666666666,-0.21766666666666667,0.2343333333333333,0.727,0.6789999999999999,0.6886666666666666,0.6896666666666667,0.036103247006944464,0.07586025163270799,0.02614277040492159,0.030769754269050938,0.013715360407627325,0.0058594652770823175,0.023028967265887823,0.005487359211051416,0.0039299420408505
