,DI,Stat Par,Avg Odds,Eq Opp,Theil,prec,rec,acc,bal_acc,DI_sem,Stat Par_sem,Avg Odds_sem,Eq Opp_sem,Theil_sem,prec_sem,rec_sem,acc_sem,bal_acc_sem
Base,0.05533333333333334,-0.03366666666666667,-0.19699999999999998,-0.35833333333333334,0.07233333333333332,0.39466666666666667,0.7086666666666668,0.8323333333333333,0.7786666666666667,0.027388156402195298,0.01732371528024838,0.009539392014169465,0.01703264838805496,0.0006666666666666668,0.03474830131739456,0.05184056755519219,0.02455153310442704,0.008412952976082641
Original,0.687,0.451,0.067,0.06,0.079,0.653,0.43,0.907,0.7,,,,,,,,,
VGAN-norm-b-0_age,0.031,-0.018,-0.19733333333333333,-0.36000000000000004,0.07166666666666666,0.338,0.7873333333333333,0.7936666666666667,0.791,0.018230011885167093,0.019313207915827968,0.009597453365925317,0.017320508075688766,0.0003333333333333325,0.013051181300301251,0.015014807506073594,0.011976829482147778,0.0010000000000000195
VGAN-norm-b-100_age,0.028333333333333332,-0.023000000000000003,-0.19299999999999998,-0.3456666666666666,0.07266666666666666,0.3393333333333333,0.777,0.794,0.7863333333333333,0.012978614889287858,0.010115993936995681,0.007371114795831989,0.02003607856953162,0.0003333333333333325,0.01953913451967047,0.024986663109213544,0.019553345834749974,0.00033333333333334286
VGAN-norm-b-1_age,0.02366666666666667,0.002333333333333333,-0.18866666666666668,-0.3496666666666666,0.072,0.38233333333333336,0.731,0.83,0.787,0.0023333333333333344,0.010682280239308046,0.0029627314724385307,0.011050389636167186,0.0005773502691896263,0.00484194634877799,0.012662279942148384,0.00351188458428426,0.003464101615137758
VGAN-norm-b-25_age,0.05499999999999999,-0.028666666666666663,-0.19533333333333336,-0.35233333333333333,0.073,0.3193333333333333,0.7986666666666666,0.7723333333333334,0.7840000000000001,0.02505992817228334,0.035619907043362396,0.015213298276325369,0.02384207298966356,0.0,0.023974523515135335,0.03002406442246692,0.026766479866512972,0.0025166114784235857
VGAN-norm-b-50_age,0.025666666666666667,0.009666666666666665,-0.18800000000000003,-0.3506666666666667,0.07166666666666666,0.3606666666666667,0.7606666666666667,0.8123333333333332,0.7896666666666667,0.008212456663169948,0.012719189352225942,0.007571877794400372,0.016505891204186603,0.00033333333333333424,0.01703264838805496,0.02034152840318982,0.014310058622443781,0.00133333333333333
