,FAIRGAN,FAIRSWAP,ORIGINAL,TABFAIRGAN,VGAN-GMM,VGAN-NORM,VGAN-ORDI-GMM,VGAN-ORDI-NORM,WGAN-GMM,WGAN-NORM
Avg Before Select,2105.6,4344.333333333333,5571.0,3716.8,672.8095238095239,1290.0666666666666,3370.8333333333335,3433.1666666666665,1718.6,724.8823529411765
All,5158.0,4524.0,N/A,5337.0,4086.0,4681.0,5135.0,5257.0,4565.0,3560.0
Avg After Select,3892.6666666666665,N/A,N/A,3779.0,2376.6666666666665,2588.3333333333335,4016.3333333333335,3917.0,3133.6666666666665,1895.3333333333333
