filename,Test Algorithm,Accuracy Gen,Accuracy Orig,Accuracy Bal Gen,Accuracy Bal Orig,K1 Dist,Disparate Impact,Disparate Impact Gen,Equal Opp. Diff,Statistical Par. Diff,Theil Index,Avg. Odds,testfile
Original_0_0_0,RandomForest,0.6613793103448276,0.6613151152860803,0.6570891816539229,0.6563897101286564,0.0044032475999557,0.2512388647441509,0.2375395925347267,0.1313030817762678,0.1806438974303548,0.2154829868906259,0.138873585403661,all_test
sample_data_0_8_0.csv,RandomForest,0.7787931034482758,0.6320239111870196,0.7745852512466437,0.6415458288480067,0.0240282087095648,0.321261460851496,0.1797155786398915,0.1279179810725552,0.1682153890495104,0.3400537581756103,0.1289963089422485,all_test
sample_data_0_9_0.csv,RandomForest,0.7553448275862069,0.5996584116140051,0.7515993379771054,0.6109573319772788,0.0275699139596183,0.4139176301918856,0.2792399128546599,0.2360389873008169,0.2254595728966827,0.3813295406473446,0.1819525870797034,all_test
sample_data_1_8_0.csv,RandomForest,0.736551724137931,0.6307429547395389,0.7290268132716049,0.6364156424712186,0.0172487920604304,0.1820153046770762,0.1689800621202434,0.0415696028472053,0.0935182433101858,0.3131978639706637,0.0589428715288939,all_test
sample_data_1_9_0.csv,RandomForest,0.7498275862068965,0.6590947907771136,0.7372004122437621,0.6577875910732278,0.0215182338955311,0.2679462052209551,0.1821648083234154,0.1505965380571058,0.1802989362947751,0.2418617765926716,0.1311985755726019,all_test
sample_data_2_8_0.csv,RandomForest,0.7899999999999999,0.6426131511528608,0.7867054749053072,0.6398331495174926,0.0038282097970168,0.1677168853293571,0.2270032401635287,0.0763305831917819,0.105806245327713,0.2438064926582557,0.0623596138669825,all_test
sample_data_2_9_0.csv,RandomForest,0.7836206896551724,0.6222032450896668,0.7828993758635476,0.6320759742789905,0.0060008285475252,0.1858885767013811,0.1534603363371193,0.0842776834101755,0.0840493753771605,0.3509292868743664,0.0330398146492434,all_test
