filename,Algorithm,Accuracy Gen,Accuracy Orig,Accuracy Bal Gen,Accuracy Bal Orig,K1 Dist,Disparate Impact,Disparate Impact Gen,Equal Opp. Diff,Statistical Par. Diff,Theil Index,Avg. Odds
Original_0_0_0,LinSVC,0.6818965517241379,0.672929120409906,0.6744749973076785,0.6636742475107813,0.002867330473135471,0.24498504349025452,0.26958219961610014,0.13272466229879476,0.19197357399551462,0.17832238474347137,0.15093516868105136
sample_data_0_8_0.csv,LinSVC,0.7194827586206897,0.6737830913748932,0.7099947257383967,0.6736472658402659,0.02097694875869193,0.2586672771482187,0.20036646874944924,0.12464612149154741,0.16791636268655374,0.23887720454325717,0.11695120948627749
sample_data_0_9_0.csv,LinSVC,0.7027586206896552,0.672929120409906,0.6924555222141121,0.6728555002028945,0.027364149841479897,0.33201368571143486,0.28004742529327376,0.14377578257704438,0.23227007844938613,0.23994046017529996,0.19842061153375745
sample_data_1_8_0.csv,LinSVC,0.6653448275862069,0.6652433817250214,0.6502073688271605,0.6641093884032384,0.020531291109917076,0.12592438927881322,0.16884391792695747,0.014023699749251772,0.07380862312770775,0.2384836729223288,0.030549101640586163
sample_data_1_9_0.csv,LinSVC,0.7348275862068965,0.6806148590947908,0.7118312124798543,0.6751207277492943,0.02167739122157466,0.2755699266592001,0.16491690904701464,0.15129822858529474,0.2060985165770488,0.19799088360844902,0.1592423436675641
sample_data_2_8_0.csv,LinSVC,0.7205172413793104,0.6789069171648164,0.7083972377665438,0.6744148162171801,0.006854808524867422,0.14776381175095,0.24629135273760222,0.058501172854485195,0.09561187819179118,0.20587028441691188,0.040852612283566736
sample_data_2_9_0.csv,LinSVC,0.7255172413793103,0.6490179333902647,0.7229167659250084,0.649065841293183,0.006047608734942417,0.1447490987040826,0.18585070796585468,0.06249494459273641,0.08362605492357711,0.2588226858636901,0.03321335261090905
