filename,Algorithm,Accuracy Gen,Accuracy Orig,Accuracy Bal Gen,Accuracy Bal Orig,K1 Dist,Disparate Impact,Disparate Impact Gen,Equal Opp. Diff,Statistical Par. Diff,Theil Index,Avg. Odds
Original_0_0_0,LogReg,0.6837931034482759,0.6742100768573869,0.6763697933493675,0.6654019696546096,0.0029350333596767633,0.2618640395886068,0.3004304978277481,0.14223893876890714,0.20685058589352137,0.1804188920111181,0.16725434876603426
sample_data_0_8_0.csv,LogReg,0.714310344827586,0.6754910333048676,0.7042817414652858,0.6763784537015227,0.024709750200069144,0.2896820063205854,0.19617916004074903,0.15108590148022327,0.1892670251380295,0.24449579665381016,0.13586548839171764
sample_data_0_9_0.csv,LogReg,0.6948275862068967,0.6700256191289495,0.6856466587968845,0.6702310062468033,0.028901001389207086,0.3523101022977352,0.30251805641232143,0.18177424573323628,0.25016977852234146,0.24402255408831622,0.21077583404881195
sample_data_1_8_0.csv,LogReg,0.6660344827586206,0.6712211784799317,0.6518904320987654,0.669854275497752,0.016732618726262395,0.15028886623271376,0.16634250785598334,0.03225349834182645,0.09061534581678332,0.23246113014270214,0.044898573774405176
sample_data_1_9_0.csv,LogReg,0.7306896551724138,0.6763450042698548,0.7076335434308589,0.6717694824611804,0.02253858957836692,0.2929305737964767,0.16157142749918618,0.16276389225916033,0.2184671296171202,0.20714009138945672,0.1734884368666187
sample_data_2_8_0.csv,LogReg,0.7194827586206896,0.6733561058923997,0.7081317077126869,0.6701459593168948,0.004784493764954283,0.14770564260288854,0.24688428971351478,0.06455755075628888,0.09278148558458754,0.2184507820763733,0.036603712070134325
sample_data_2_9_0.csv,LogReg,0.7246551724137931,0.6502988898377455,0.7226035065986945,0.6507935634370113,0.006889910298693272,0.152799618216099,0.19754223481099575,0.0677525681468899,0.08795608275464523,0.2609727202715222,0.03661852051220277
