filename,Algorithm,Accuracy Gen,Accuracy Orig,Accuracy Bal Gen,Accuracy Bal Orig,K1 Dist,Disparate Impact,Disparate Impact Gen,Equal Opp. Diff,Statistical Par. Diff,Theil Index,Avg. Odds
Original_0_0_0,RandomForest,0.6613793103448276,0.6613151152860803,0.6570891816539229,0.6563897101286564,0.00440324759995573,0.2512388647441509,0.23753959253472673,0.13130308177626787,0.1806438974303548,0.21548298689062598,0.13887358540366107
sample_data_0_8_0.csv,RandomForest,0.7787931034482758,0.6320239111870196,0.7745852512466437,0.6415458288480067,0.024028208709564854,0.321261460851496,0.17971557863989154,0.12791798107255523,0.16821538904951044,0.34005375817561034,0.12899630894224856
sample_data_0_9_0.csv,RandomForest,0.7553448275862069,0.5996584116140051,0.7515993379771054,0.6109573319772788,0.027569913959618348,0.4139176301918856,0.2792399128546599,0.23603898730081693,0.22545957289668278,0.38132954064734464,0.18195258707970347
sample_data_1_8_0.csv,RandomForest,0.736551724137931,0.6307429547395389,0.7290268132716049,0.6364156424712186,0.01724879206043041,0.18201530467707625,0.16898006212024347,0.041569602847205366,0.09351824331018584,0.31319786397066374,0.0589428715288939
sample_data_1_9_0.csv,RandomForest,0.7498275862068965,0.6590947907771136,0.7372004122437621,0.6577875910732278,0.021518233895531112,0.26794620522095514,0.18216480832341547,0.15059653805710588,0.18029893629477511,0.2418617765926716,0.13119857557260198
sample_data_2_8_0.csv,RandomForest,0.7899999999999999,0.6426131511528608,0.7867054749053072,0.6398331495174926,0.0038282097970168483,0.16771688532935713,0.22700324016352874,0.0763305831917819,0.10580624532771307,0.2438064926582557,0.06235961386698251
sample_data_2_9_0.csv,RandomForest,0.7836206896551724,0.6222032450896668,0.7828993758635476,0.6320759742789905,0.006000828547525264,0.18588857670138115,0.15346033633711936,0.08427768341017552,0.0840493753771605,0.3509292868743664,0.03303981464924343
