filename,Algorithm,Accuracy Gen,Accuracy Orig,Accuracy Bal Gen,Accuracy Bal Orig,K1 Dist,Disparate Impact,Disparate Impact Gen,Equal Opp. Diff,Statistical Par. Diff,Theil Index,Avg. Odds
Original_0_0_0,Tree,0.5813793103448276,0.5999146029035012,0.5801055390027641,0.5986786539543887,0.0031339381852938985,0.11440747246878871,0.13525552504055444,0.04556337458545663,0.0659753933727832,0.2865750647150292,0.03501745965045189
sample_data_0_8_0.csv,Tree,0.6696551724137931,0.5613151152860802,0.6681938051400076,0.5648756179477641,0.01962995280553942,0.19130548996678942,0.09858822370448513,0.08044366254145438,0.10427193385392744,0.3533561950087469,0.08865645742026737
sample_data_0_9_0.csv,Tree,0.6779310344827586,0.5437233134073441,0.6753432516618156,0.5514681418896855,0.027453558949998208,0.25834337057453577,0.20233125069463503,0.1391854727816873,0.1318332477685608,0.4017136296249582,0.11132471026795947
sample_data_1_8_0.csv,Tree,0.6420689655172414,0.545004269854825,0.6385971257716049,0.548875274531343,0.01631909874169795,0.1783281103489448,0.09437425295500915,0.06863220901075791,0.094989507056842,0.3689234716205857,0.08643259124401684
sample_data_1_9_0.csv,Tree,0.6710344827586207,0.6008539709649872,0.6607973919771493,0.6006702490576228,0.0224193677561433,0.22946112486785353,0.10387226130709108,0.133919760575912,0.1432336278562872,0.29373928057472465,0.1091190166334178
sample_data_2_8_0.csv,Tree,0.7055172413793103,0.5888129803586678,0.7024381305963312,0.5932733675428923,0.004538881953289328,0.054927638678090626,0.1748444745358672,-0.0050574294265146365,0.026198131985913344,0.33816944424043505,0.0003747905513035277
sample_data_2_9_0.csv,Tree,0.7029310344827586,0.5734415029888984,0.7026287579208157,0.5766317600018198,0.00893382652179418,0.042547715585114186,0.13467601192357662,0.009194774731052369,0.02073234438469922,0.3406943278226763,-0.005371958229569107
