,DI,Stat Par,Avg Odds,Eq Opp,Theil,prec,rec,acc,bal_acc,DI_sem,Stat Par_sem,Avg Odds_sem,Eq Opp_sem,Theil_sem,prec_sem,rec_sem,acc_sem,bal_acc_sem
Base,0.043333333333333335,-0.017666666666666667,-0.19033333333333333,-0.34800000000000003,0.07233333333333332,0.39466666666666667,0.7103333333333334,0.832,0.7793333333333333,0.013383239933256491,0.016825905952165283,0.008838049055708574,0.013228756555322933,0.0006666666666666668,0.03509194272827374,0.051089246531056925,0.024986663109213544,0.008089774066341066
Original,0.69,0.456,0.066,0.05,0.079,0.651,0.43,0.906,0.7,,,,,,,,,
sample_data_parallel_bank-VGAN-norm-d-AvgOdd_age,0.39266666666666666,0.4506666666666666,-0.034,-0.17733333333333334,0.06866666666666667,0.37566666666666665,0.7716666666666666,0.823,0.801,0.013544166435940032,0.02416839074309896,0.008504900548115382,0.010837178804672576,0.0006666666666666685,0.0018559214542766774,0.00768837506311388,0.0015275252316519481,0.002516611478423597
sample_data_parallel_bank-VGAN-norm-d-EqOp_age,0.5473333333333333,0.6746666666666666,0.058666666666666666,-0.062,0.07033333333333334,0.41733333333333333,0.7053333333333334,0.848,0.786,0.005238744548500586,0.06113464193437667,0.012346839451634757,0.007094598884597586,0.001452966314513556,0.021880991243035084,0.04280706068447641,0.011532562594670798,0.012124355652982153
sample_data_parallel_bank-VGAN-norm-d-None_age,0.526,0.9266666666666667,0.13233333333333333,0.009,0.06633333333333334,0.336,0.847,0.7863333333333333,0.8126666666666665,0.015044378795195672,0.06598316283551264,0.02284975078881849,0.025059928172283336,0.00033333333333333424,0.0040414518843273845,0.008144527815247068,0.0048074017006186475,0.0014529663145135252
