,DI,Stat Par,Avg Odds,Eq Opp,Theil,prec,rec,acc,bal_acc,DI_sem,Stat Par_sem,Avg Odds_sem,Eq Opp_sem,Theil_sem,prec_sem,rec_sem,acc_sem,bal_acc_sem
Base,0.026,0.017,0.09433333333333332,0.13633333333333333,0.11033333333333334,0.3746666666666667,0.634,0.761,0.7103333333333333,0.008736894948054104,0.012767145334803706,0.004841946348777985,0.009386751893552482,0.0027284509239574855,0.007535103036971547,0.021656407827707717,0.006806859285554052,0.006839428176227736
Original,0.612,-0.304,-0.067,-0.078,0.129,0.591,0.368,0.851,0.658,,,,,,,,,
VGAN-norm-n-.1_RACE,0.285,-0.12133333333333333,0.037333333333333336,0.08833333333333333,0.12933333333333333,0.5476666666666667,0.383,0.8433333333333333,0.6596666666666667,0.004509249752822877,0.0017638342073763966,0.0012018504251546606,0.0031797973380564863,0.0003333333333333325,0.0063595946761129726,0.0011547005383792527,0.0012018504251546669,0.0003333333333333614
VGAN-norm-n-.25_RACE,0.073,0.050333333333333334,0.106,0.15633333333333332,0.11866666666666666,0.41966666666666663,0.539,0.7966666666666667,0.6936666666666667,0.020999999999999998,0.01763834207376394,0.003605551275463987,0.0014529663145135614,0.0016666666666666635,0.012719189352225935,0.021501937897160196,0.007688375063113862,0.003844187531556909
VGAN-norm-n-.5_RACE,0.028333333333333332,0.006000000000000001,0.09166666666666667,0.13866666666666666,0.11466666666666665,0.4046666666666667,0.5813333333333334,0.7833333333333333,0.7026666666666666,0.012810585900383758,0.014000000000000002,0.005783117190965824,0.010038813564250399,0.0029627314724385285,0.01947077582201365,0.03546046311660981,0.01576212055671586,0.0049777281743560225
VGAN-norm-n-.75_RACE,0.05433333333333334,0.04700000000000001,0.10933333333333334,0.161,0.11233333333333334,0.38566666666666666,0.6106666666666666,0.7686666666666667,0.7056666666666667,0.016825905952165283,0.01767295485574875,0.005696002496878352,0.006244997998398394,0.003179797338056488,0.018369660977939826,0.03625986455818306,0.017854348987789457,0.003711842908553355
