filename,Algorithm,Accuracy Gen,Accuracy Orig,Accuracy Bal Gen,Accuracy Bal Orig,K1 Dist,Disparate Impact,Disparate Impact Gen,Equal Opp. Diff,Statistical Par. Diff,Theil Index,Avg. Odds
Original_0_0_0,RandomForest,0.9056300268096515,0.9067182748133812,0.6940058611484152,0.7046415662860971,0.003024197804230804,0.6923586563621421,0.7477181614866668,0.06612517916865741,0.15810620880587292,0.07841695027842924,0.07402807460857722
sample_data_0_50_0-age.csv,RandomForest,0.9956434316353888,0.7330716063035665,0.9804486648028534,0.46610434133903816,0.6785396654992168,0.5600808613289183,0.9188230428591387,-0.08373944895684027,-0.10272458943980287,0.15529884008935393,-0.08882532107822787
sample_data_0_51_0-age.csv,RandomForest,0.9960008936550493,0.7358142106718275,0.9822804696441555,0.46261473819608667,0.7183177534300038,0.5666147821380635,0.8535145100013126,-0.08101608536391144,-0.100763112494438,0.15618072944016476,-0.08560419964381696
sample_data_1_50_0-age.csv,RandomForest,0.9904155495978552,0.7441194359966824,0.9138441613112395,0.4780587737275944,0.8244308862844877,0.05452319278433717,0.8107037850831222,0.029702181876094923,0.009789465676024678,0.15192276366628907,0.022265006019649914
sample_data_1_51_0-age.csv,RandomForest,0.9931635388739947,0.7524357202101187,0.9408643786486675,0.4780122634816678,0.907520469420264,0.4883235348521656,0.8023977504651612,-0.07238413760152891,-0.07967526077301937,0.15167560414594025,-0.07238402628756009
sample_data_2_50_0-age.csv,RandomForest,0.9982797140303843,0.8645617915399502,0.9933640726303476,0.49616151674303743,0.7085441999774631,0.44338823488794105,0.3340342007902753,-0.00036630036630036706,-0.010018905492311957,0.1307941908611054,-0.006140993415709077
sample_data_2_51_0-age.csv,RandomForest,0.9964477211796247,0.8671385125794858,0.987541126444453,0.49454583023038134,0.7191077406751178,0.3483387539291432,0.4993779882167524,0.003599299251473164,-0.006330161638998825,0.130388897091418,-0.0018497244494176043
