filename,Algorithm,Accuracy Gen,Accuracy Orig,Accuracy Bal Gen,Accuracy Bal Orig,K1 Dist,Disparate Impact,Disparate Impact Gen,Equal Opp. Diff,Statistical Par. Diff,Theil Index,Avg. Odds
Original_0_0_0,NeuralNet,0.9021820077450103,0.9003225509169662,0.7338705750655317,0.7226526353458218,0.002482124886320831,0.7102520697517871,0.7381959603776552,0.09765355417529335,0.20795399183163865,0.0762357108955603,0.11391738047415752
sample_data_0_50_0-age.csv,NeuralNet,0.9627643729520404,0.8209565938623169,0.8178505552418596,0.4838646399926638,0.6776837865474589,0.6650028023052892,0.9472770178004382,-0.03455964325529543,-0.04038195134515953,0.13822095761650854,-0.034612467289738304
sample_data_0_51_0-age.csv,NeuralNet,0.9313002680965147,0.6548705188461893,0.6615285977570539,0.47522793749373343,0.7217313061474623,0.22964811581018996,0.9559965184016731,-0.1239581674364283,-0.06595823110965433,0.14950260739810153,-0.07749691636567643
sample_data_1_50_0-age.csv,NeuralNet,0.9778448019064642,0.8033360980554788,0.7704264425138879,0.5042246412127341,0.8232738486539838,0.2698055550532194,0.8924085237231343,0.012369273238838449,0.03532670857237038,0.1402373854244087,0.027681923738364745
sample_data_1_51_0-age.csv,NeuralNet,0.9939678284182305,0.8218228734678831,0.9490391013056291,0.5019838176542666,0.908446684487136,0.4631167210641429,0.8003760501608065,-0.014121144555927162,-0.005111714594355624,0.13600576469008294,-0.008494195801360606
sample_data_2_50_0-age.csv,NeuralNet,0.9981382186476019,0.8774859459957608,0.9922007792309313,0.5004324304616187,0.7099905273017949,0.6774594268845263,0.3154909170698976,0.028189202102245584,0.01871524204068496,0.12611314200398652,0.021754889657022363
sample_data_2_51_0-age.csv,NeuralNet,0.9690199582960978,0.8623721316007741,0.8259048083261454,0.5025333622330569,0.7132560673605502,0.635306624219974,0.6824018062780776,0.08101077666295058,0.05650086740941356,0.13000109492358977,0.06408315098768647
