filename,Algorithm,Accuracy Gen,Accuracy Orig,Accuracy Bal Gen,Accuracy Bal Orig,K1 Dist,Disparate Impact,Disparate Impact Gen,Equal Opp. Diff,Statistical Par. Diff,Theil Index,Avg. Odds
Original_0_0_0,Tree,0.8736371760500447,0.8781642244954382,0.6998375044629184,0.707946241187291,0.0029268949509861065,0.6702276774149507,0.6755465984131347,0.1201305940436375,0.21543189995449857,0.08386511209739249,0.13027313755409792
sample_data_0_50_0-age.csv,Tree,0.9925156389633601,0.6179706939452585,0.9799892853699852,0.5041991181875186,0.6788212721482585,0.09883943213654971,0.9147966872601063,-0.0033922599139990404,-0.034564843559648464,0.13721735909064556,-0.02682253005204936
sample_data_0_51_0-age.csv,Tree,0.9932529043789098,0.6500525297207631,0.9813403711756964,0.46697882629636506,0.7200832477322375,0.36465960087449123,0.8568610252789053,-0.11724796942188247,-0.10676948001349962,0.15125979998442954,-0.10213307925313579
sample_data_1_50_0-age.csv,Tree,0.9866175156389634,0.7256621509538291,0.9284010782146991,0.490073545732096,0.8167837846058472,0.03315981441712159,0.7620070747090865,-0.002818920210224557,-0.006714158854172769,0.14894551901800201,-0.0027933534764655486
sample_data_1_51_0-age.csv,Tree,0.9906836461126005,0.7632623721316009,0.9494987820025388,0.6034847112215646,0.9032634911151357,0.10534980364742778,0.7895097262723716,-0.19251473164516644,-0.02238756382125769,0.11916817604528021,-0.10401802382675245
sample_data_2_50_0-age.csv,Tree,0.9979892761394101,0.8517445396737628,0.9921202250179458,0.49402831052271534,0.7028037807289487,0.11513223757276139,0.3683220135104971,0.0018155757286192071,0.004349246321818777,0.13453511877169974,0.005354149507375824
sample_data_2_51_0-age.csv,Tree,0.9955764075067025,0.8265966270389825,0.9858830388211335,0.5023774826722995,0.7117944361665698,0.12884676271216017,0.5140471709425477,0.01731167383341296,0.01319955935221961,0.1377928461595068,0.013969798443120615
