filename,Algorithm,Accuracy Gen,Accuracy Orig,Accuracy Bal Gen,Accuracy Bal Orig,K1 Dist,Disparate Impact,Disparate Impact Gen,Equal Opp. Diff,Statistical Par. Diff,Theil Index,Avg. Odds
Original_0_0_0,LogReg,0.9019436997319035,0.9031794304672381,0.6520625479140728,0.6549173546430519,0.002908261113411959,0.7840495479628977,0.8252837158275366,0.19222806179327917,0.17158077643336486,0.0889459822055158,0.1361494585669462
sample_data_0_50_0-age.csv,LogReg,0.9951966041108132,0.8619850705004147,0.9769516189007174,0.4965063010196623,0.6805584866965069,0.07280197349369788,0.9192191219614984,0.002787068004459308,-0.0018677035585737932,0.131433119989901,0.0005174282376724446
sample_data_0_51_0-age.csv,LogReg,0.9958668453976764,0.8507602985899917,0.9796560812958675,0.49383995231308864,0.7207959529524068,0.6214324904331641,0.8551676022014509,-0.02556139512661252,-0.024990093691834997,0.1348615495555141,-0.0237821773166087
sample_data_1_50_0-age.csv,LogReg,0.9913762287756926,0.8531379596350567,0.9164162940783063,0.4999009482100303,0.820810519078813,0.4584099774307594,0.8127985476119923,0.012900143334925937,0.03140391852998542,0.13300907397853576,0.026289297011208586
sample_data_1_51_0-age.csv,LogReg,0.9921134941912421,0.8346696157036216,0.9238294820260105,0.4937478551602993,0.9124312831960075,0.6316495112879509,0.8021512366943337,-0.03909858257684345,-0.03915826487730868,0.13843348644361542,-0.037948187414060336
sample_data_2_50_0-age.csv,LogReg,0.9982573726541555,0.8805087088747581,0.9944387563954802,0.4992059727963004,0.7097780880418465,0.01279793354467551,0.30189799664880573,-0.0016722408026755853,3.653073323884497e-05,0.1253986147334958,-0.0002548851853694181
sample_data_2_51_0-age.csv,LogReg,0.9956881143878462,0.8812828310754769,0.9886618205624655,0.4996443220980725,0.7174977359192342,0.7355708750566095,0.5277562249830023,0.009316770186335404,0.004899139986104916,0.12506398468737606,0.006417617349629472
