filename,Algorithm,Accuracy Gen,Accuracy Orig,Accuracy Bal Gen,Accuracy Bal Orig,K1 Dist,Disparate Impact,Disparate Impact Gen,Equal Opp. Diff,Statistical Par. Diff,Theil Index,Avg. Odds
Original_0_0_0,LinSVC,0.9015638963360143,0.9020735416090682,0.6467101268828077,0.6471166932481778,0.0030668308098701475,0.7637852898585759,0.8067482497195263,0.13847746456442106,0.1482513788117502,0.09074482535010923,0.10545420920561979
sample_data_0_50_0-age.csv,LinSVC,0.9950625558534405,0.761902128836052,0.977073969508752,0.4771411285878678,0.6844517564810528,0.21348232959177427,0.9177032188616524,-0.05470616340181557,-0.03150725470199134,0.15144977817587554,-0.03249576448284399
sample_data_0_51_0-age.csv,LinSVC,0.9961349419124218,0.7338678462814487,0.9811781886389834,0.4624965271205399,0.7201492445700471,0.5512603166830411,0.861384066600461,-0.07636566332218506,-0.09935242293160362,0.15624384160510704,-0.08315396567057592
sample_data_1_50_0-age.csv,LinSVC,0.9916443252904379,0.7797622338954935,0.9165568422160437,0.4907392051305453,0.823449169356216,0.22464693190972684,0.811622345615873,0.031055900621118005,0.03697803922015486,0.14678167596407196,0.038391623987151895
sample_data_1_51_0-age.csv,LinSVC,0.9926943699731904,0.7893834669615704,0.924134252861786,0.4955723080434315,0.910267851404652,0.45897973045631313,0.8062924161316823,-0.04785793916228699,-0.056503492706756406,0.14471086645563686,-0.05347124516089356
sample_data_2_50_0-age.csv,LinSVC,0.9986371760500447,0.865745092618192,0.9968177034327536,0.4994553631261704,0.7122593604199012,0.206408683646905,0.3633432907398338,0.004220417263895524,0.005695387084453135,0.12980210668711917,0.005489878765773627
sample_data_2_51_0-age.csv,LinSVC,0.9954870420017873,0.8654133259607409,0.9844162414312441,0.49598775143380947,0.7130746588171613,0.5115571601736115,0.5520897843341747,0.002150023889154324,-0.010961510124654704,0.1305914855710261,-0.005997425759969029
