filename,Algorithm,Accuracy Gen,Accuracy Orig,Accuracy Bal Gen,Accuracy Bal Orig,K1 Dist,Disparate Impact,Disparate Impact Gen,Equal Opp. Diff,Statistical Par. Diff,Theil Index,Avg. Odds
Original_0_0_0,LogReg,0.9005808757819482,0.9031794304672381,0.6487222007760494,0.6549173546430519,0.0026468765329925705,0.7840495479628977,0.807958605134157,0.19222806179327917,0.17158077643336486,0.0889459822055158,0.1361494585669462
sample_data_0_10_0.csv,LogReg,0.9806076854334227,0.8721592479955763,0.9724913466533373,0.5018574948082893,0.8075460130055513,0.12729268828222207,1.0,0.00023889154323936818,-0.0019429434632721454,0.12747740765056012,-0.0018410923401286933
sample_data_1_10_0.csv,LogReg,0.9969839142091154,0.8773569256289744,0.9900064091360783,0.49824120185127113,0.7014880324080449,0.569714473362916,1.0,-0.003901895206243033,-0.003779366883292798,0.12658992823573653,-0.0033710247231111467
sample_data_2_10_0.csv,LogReg,0.9931858802502236,0.8774675145147912,0.9930059067123196,0.4987137916433316,0.6136168424682608,0.39982601641636506,1.0,0.005972288580984234,0.004184668107117047,0.12646442859121992,0.005159464446460275
