,DI,Stat Par,Avg Odds,Eq Opp,Theil,prec,rec,acc,bal_acc,DI_sem,Stat Par_sem,Avg Odds_sem,Eq Opp_sem,Theil_sem,prec_sem,rec_sem,acc_sem,bal_acc_sem
Base,0.012333333333333335,-0.0026666666666666666,0.03833333333333333,0.06766666666666667,0.23199999999999998,0.7026666666666666,0.6880000000000001,0.674,0.6726666666666667,0.00448454134902457,0.005238744548500571,0.002848001248439176,0.01898537448786419,0.018520259177452134,0.006119186583561936,0.031182259913824936,0.005507570547286107,0.0031797973380564924
Original,0.267,-0.553,-0.148,-0.136,0.214,0.68,0.721,0.666,0.661,,,,,,,,,
race-VGAN-norm-n-.25_race,0.032,0.052,0.05433333333333334,0.07766666666666666,0.23866666666666667,0.6876666666666665,0.68,0.66,0.6586666666666666,0.006244997998398397,0.009539392014169458,0.003666666666666666,0.013093679560934905,0.01192103649483178,0.007423685817106666,0.02013289182738864,0.0,0.0018559214542766963
race-VGAN-norm-n-.5_race,0.043666666666666666,0.067,0.062,0.08066666666666666,0.24766666666666667,0.7013333333333334,0.6633333333333333,0.6656666666666667,0.6653333333333333,0.018478215402046933,0.030088757590391358,0.010692676621563629,0.004702245326555295,0.007838650677536562,0.007688375063113864,0.013345827479445044,0.003480102169636854,0.003929942040850528
race-VGAN-norm-n-.75_race,0.038,0.052333333333333336,0.056333333333333326,0.07033333333333334,0.23266666666666666,0.6873333333333332,0.6896666666666667,0.6626666666666666,0.6603333333333333,0.018556220879622373,0.035276684147527874,0.010038813564250399,0.018523258652599742,0.014110673659011154,0.006691619966628214,0.023701851779508232,0.0043716256828680135,0.003756475889861528
