,DI,Stat Par,Avg Odds,Eq Opp,Theil,prec,rec,acc,bal_acc,DI_sem,Stat Par_sem,Avg Odds_sem,Eq Opp_sem,Theil_sem,prec_sem,rec_sem,acc_sem,bal_acc_sem
Base,0.042166667,0.044166667,0.154166667,0.204333333,0.115166667,0.509333333,0.734,0.758833333,0.750333333,0.007436023,0.011157708,0.004922172,0.012518431,0.002006932,0.005213231,0.010945319,0.003789606,0.001943651
Original,0.648,-0.53,-0.032,-0.005,0.091,0.806,0.704,0.885,0.824,,,,,,,,,
WGAN-gmm-n-.1_sex,0.026666667,0.016666667,0.161,0.240666667,0.128666667,0.545,0.659,0.779,0.738666667,0.009562659,0.014333333,0.016502525,0.035144148,0.005174725,0.005131601,0.024583192,0.001527525,0.007356025
WGAN-gmm-n-.25_sex,0.034333333,0.034,0.155,0.211333333,0.118666667,0.521333333,0.716666667,0.767,0.75,0.01299145,0.016165808,0.005033223,0.008333333,0.002185813,0.003179797,0.010728985,0.001732051,0.002886751
WGAN-gmm-n-.5_sex,0.036666667,0.020666667,0.139,0.175666667,0.107,0.486666667,0.781666667,0.742,0.755,0.003333333,0.028339215,0.007023769,0.003179797,0.001732051,0.001333333,0.009261629,0.001,0.00321455
WGAN-gmm-n-.75_sex,0.036,0.000666667,0.137333333,0.185,0.113666667,0.507666667,0.740333333,0.757,0.751333333,0.00781025,0.030861699,0.000881917,0.013114877,0.002848001,0.012251984,0.016835808,0.008736895,0.001452966
