,FAIRGAN,FAIRSWAP,ORIGINAL,TABFAIRGAN,VGAN-GMM,VGAN-NORM,VGAN-ORDI-GMM,VGAN-ORDI-NORM,WGAN-GMM,WGAN-NORM
Avg Before Select,1640.857142857143,5266.666666666667,5425.0,3951.6428571428573,2205.733333333333,2519.829268292683,2545.375,3407.875,405.74074074074076,879.1666666666666
All,3098.0,5336.0,N/A,5319.0,5307.0,5419.0,4949.0,5293.0,2394.0,3315.0
Avg After Select,2216.5,N/A,N/A,4337.0,4073.0,4219.333333333333,3766.3333333333335,4537.0,1352.8333333333333,2276.6666666666665
