,DI,Stat Par,Avg Odds,Eq Opp,Theil,prec,rec,acc,bal_acc,DI_sem,Stat Par_sem,Avg Odds_sem,Eq Opp_sem,Theil_sem,prec_sem,rec_sem,acc_sem,bal_acc_sem
Base,0.054333333333333324,0.04966666666666667,0.15733333333333333,0.25866666666666666,0.12866666666666668,0.5776666666666667,0.6433333333333333,0.7943333333333333,0.7436666666666666,0.03240541792835129,0.03263093283646328,0.01703264838805495,0.028415566938641994,0.00548735921105145,0.011695203195232531,0.030818464883536584,0.0037118429085533423,0.008089774066341104
Original,0.649,0.531,0.034,0.008,0.092,0.804,0.702,0.884,0.823,,,,,,,,,
sample_data_parallel_adult-VGAN-norm-d-AvgOdd_sex,0.4586666666666666,0.434,0.02033333333333333,0.08700000000000001,0.11833333333333333,0.616,0.6716666666666667,0.8136666666666666,0.766,0.02958791044403852,0.027073972741361772,0.004666666666666667,0.020033305601755626,0.0056075346137535766,0.020784609690826548,0.03277363438972111,0.006173419725817346,0.007211102550927985
sample_data_parallel_adult-VGAN-norm-d-EqOp_sex,0.5316666666666666,0.5976666666666667,0.048999999999999995,0.009,0.10366666666666667,0.592,0.7453333333333333,0.809,0.7876666666666666,0.026958816327461034,0.01587800715175272,0.0060827625302982205,0.005686240703077327,0.0023333333333333322,0.011503622617824933,0.012836579675979835,0.005507570547286097,0.0006666666666666581
sample_data_parallel_adult-VGAN-norm-d-None_sex,0.71,0.9333333333333332,0.17800000000000002,0.144,0.09400000000000001,0.5790000000000001,0.791,0.8053333333333333,0.8006666666666667,0.02502665245959461,0.0562178303071583,0.02396525262402492,0.03274650108535771,0.0032145502536643214,0.013428824718989084,0.016462077633154305,0.006385748020222645,0.0012018504251546426
