,FAIRGAN,FAIRSWAP,ORIGINAL,TABFAIRGAN,VGAN-GMM,VGAN-NORM,VGAN-ORDI-GMM,VGAN-ORDI-NORM,WGAN-GMM,WGAN-NORM
Avg Before Select,54.857142857142854,615.3333333333334,702.0,492.5,403.55555555555554,423.7,290.6666666666667,416.1666666666667,177.44444444444446,144.9
All,303.0,625.0,N/A,637.0,595.0,633.0,525.0,594.0,521.0,482.0
Avg After Select,249.0,N/A,N/A,512.0,444.8333333333333,467.6666666666667,403.0,468.6666666666667,358.6666666666667,346.5
