filename,Algorithm,Accuracy Gen,Accuracy Orig,Accuracy Bal Gen,Accuracy Bal Orig,K1 Dist,Disparate Impact,Disparate Impact Gen,Equal Opp. Diff,Statistical Par. Diff,Theil Index,Avg. Odds
Original_0_0_0,NeuralNet,0.9018096514745308,0.9019076582803428,0.7455364473176276,0.7443902712734657,0.003201030562262475,0.705822598500478,0.7493267186392629,0.12645325688803954,0.22564832835029558,0.07166940511986777,0.12903649634633446
sample_data_bank_tab_split_age_60_0_0.csv,NeuralNet,0.896112600536193,0.8891346419684821,0.6233913997677122,0.5659956743932391,0.010476882783035352,0.28795846951896775,0.95743677238057,-0.1040770823379519,-0.008080553506520288,0.10999489497085406,-0.05624733219972674
sample_data_bank_tab_split_age_60_0_1.csv,NeuralNet,0.8937667560321716,0.890129941940835,0.6224007904472578,0.5850078471982756,0.004498246980878559,0.7003250261325702,1.0,-0.19453734671125977,-0.02668257261712094,0.10604861309266397,-0.102402310200407
sample_data_bank_tab_split_age_60_0_2.csv,NeuralNet,0.8886282394995532,0.8890793475255737,0.6099982477513289,0.5835930076479701,0.0041567106089052544,0.8047298614056607,0.9274596638437832,-0.1923076923076923,-0.031369063518454775,0.10662230840936503,-0.10465432680364146
sample_data_bank_tab_split_age_60_0_3.csv,NeuralNet,0.8910857908847185,0.890019353055018,0.6257702354817859,0.5664966450238358,0.00874986360229382,0.8987036156041864,0.8997003852190042,-0.1626851409460105,-0.025324511887402226,0.10963462346521365,-0.08646378603093705
sample_data_bank_tab_split_age_60_0_4.csv,NeuralNet,0.8938784629133154,0.8920099529997235,0.6170703453154707,0.5764381509022503,0.009809886595759331,0.8154752770019337,0.9532731822971549,-0.17932791845835325,-0.02522927503698597,0.10714269632639292,-0.09429615412456778
