filename,Algorithm,Accuracy Gen,Accuracy Orig,Accuracy Bal Gen,Accuracy Bal Orig,K1 Dist,Disparate Impact,Disparate Impact Gen,Equal Opp. Diff,Statistical Par. Diff,Theil Index,Avg. Odds
Original_0_0_0,LinSVC,0.9000670241286863,0.9020735416090682,0.6401451694459095,0.6471166932481778,0.003539179505280491,0.7637852898585759,0.8218318652459649,0.13847746456442106,0.1482513788117502,0.09074482535010923,0.10545420920561979
sample_data_bank_tab_split_age_60_0_0.csv,LinSVC,0.8909964253798034,0.8870334531379596,0.5721016275169394,0.5277037232227232,0.011000810930300288,0.32469077069457664,0.8328141795923347,-0.050804268195572544,-0.003202304184377649,0.11791380048068686,-0.025638003533859848
sample_data_bank_tab_split_age_60_0_1.csv,LinSVC,0.8898793565683645,0.8885264030964887,0.5879269510967758,0.5502774397133576,0.00658644631896573,0.441123396436891,0.8916405695456303,-0.09890109890109891,-0.009012031346720564,0.11317689683349882,-0.050840923493300286
sample_data_bank_tab_split_age_60_0_2.csv,LinSVC,0.8883824843610366,0.8883052253248549,0.5816505720450844,0.540722922401283,0.004573708756052249,0.7580981865174603,0.8806585301616436,-0.09157509157509157,-0.011927340259873156,0.11505543357004325,-0.047956005439965775
sample_data_bank_tab_split_age_60_0_3.csv,LinSVC,0.8927167113494191,0.8865910975946918,0.5957464461015565,0.5225336163485941,0.008202824118218613,0.8790490932587302,0.7759018987212851,-0.055741360089186176,-0.006915144915854751,0.11902811190507041,-0.028300294552656126
sample_data_bank_tab_split_age_60_0_4.csv,LinSVC,0.8933199285075961,0.8885816975393974,0.5913446699385417,0.5398545545652547,0.008466819274004705,0.808573761771691,0.9088187678747632,-0.09245102723363594,-0.01205692940530759,0.11513202666151909,-0.048065889279736644
