filename,Algorithm,Accuracy Gen,Accuracy Orig,Accuracy Bal Gen,Accuracy Bal Orig,K1 Dist,Disparate Impact,Disparate Impact Gen,Equal Opp. Diff,Statistical Par. Diff,Theil Index,Avg. Odds
Original_0_0_0,RandomForest,0.9040661304736372,0.9068509814763616,0.6881486999088386,0.7030768380277429,0.0029991559518952335,0.6913490074396011,0.7265311770304923,0.063258480649785,0.15554975011079314,0.07868759140455374,0.07178604556991589
sample_data_bank_tab_split_age_60_0_0.csv,RandomForest,0.8941689008042897,0.8933038429637822,0.6126266372547408,0.6009899881635035,0.00947233706626807,0.48153760897059694,0.8503559397027487,-0.030179964962573646,0.036244352398912924,0.10206120733745438,-0.01227407675345342
sample_data_bank_tab_split_age_60_0_1.csv,RandomForest,0.8913538873994638,0.8907934752557368,0.614810533216885,0.5964527236785923,0.006027441349787258,0.07716077086683622,0.8248709862449315,-0.14112119764293676,-0.003225149856999493,0.10364629814265254,-0.07276011169100167
sample_data_bank_tab_split_age_60_0_2.csv,RandomForest,0.8899910634495084,0.8882831075476915,0.6139701923673342,0.5837980836216105,0.005227164368317976,0.23519274185575245,0.7031927285442627,-0.12009874183787228,-0.009153953803927379,0.10680804725913196,-0.06697124102467909
sample_data_bank_tab_split_age_60_0_3.csv,RandomForest,0.8917560321715818,0.8886922864252143,0.6192732826390026,0.5688609493985334,0.00897686485774647,0.6364823786907232,0.8232029159782428,-0.14185379837553752,-0.019628532714612193,0.1095762991840836,-0.07675926042039245
sample_data_bank_tab_split_age_60_0_4.csv,RandomForest,0.895822162645219,0.890273707492397,0.6264307733121104,0.5876720562441337,0.009150450375373945,0.21424930586267726,0.8470713411669821,-0.14222009874183789,-0.008209785164656971,0.1054928144758354,-0.07412826005754607
