filename,Algorithm,Accuracy Gen,Accuracy Orig,Accuracy Bal Gen,Accuracy Bal Orig,K1 Dist,Disparate Impact,Disparate Impact Gen,Equal Opp. Diff,Statistical Par. Diff,Theil Index,Avg. Odds
Original_0_0_0,LogReg,0.901586237712243,0.9031794304672381,0.6477171062527978,0.6549173546430519,0.0031894927820488696,0.7840495479628977,0.813553192809221,0.19222806179327917,0.17158077643336486,0.0889459822055158,0.1361494585669462
sample_data_bank_tab_split_age_60_0_0.csv,LogReg,0.8928731009830205,0.8872546309095937,0.5968361282666879,0.5347984297553826,0.01074769533409431,1.0,0.9230197358760194,-0.08807134894091416,-0.014030762005400963,0.11650596844380434,-0.04669315478541771
sample_data_bank_tab_split_age_60_0_1.csv,LogReg,0.8913538873994638,0.8868675698092343,0.6096175348263487,0.5440085297589221,0.00640409107170959,0.9519067611177146,0.9832709233328367,-0.11371237458193979,-0.01883248670286896,0.11488004014102862,-0.060533833295095915
sample_data_bank_tab_split_age_60_0_2.csv,LogReg,0.8889410187667561,0.8885264030964887,0.5978650403519652,0.5433079758383474,0.005346895733297706,1.0,0.9368047248083957,-0.10925306577480491,-0.017142186215803688,0.11449752297911604,-0.05777613918661505
sample_data_bank_tab_split_age_60_0_3.csv,LogReg,0.8923369079535298,0.8874536909040642,0.6106461272892526,0.5325743279068222,0.00887664749086574,1.0,0.8132230621972157,-0.08171683389074694,-0.012480920511917341,0.11686235968081152,-0.04302377127608213
sample_data_bank_tab_split_age_60_0_4.csv,LogReg,0.8936550491510278,0.8883052253248549,0.6108518017420523,0.5440026701071701,0.009774371185064256,1.0,0.9502574061886854,-0.11148272017837235,-0.017846659621932607,0.11443531669144562,-0.059153433579999824
