filename,Algorithm,Accuracy Gen,Accuracy Orig,Accuracy Bal Gen,Accuracy Bal Orig,K1 Dist,Disparate Impact,Disparate Impact Gen,Equal Opp. Diff,Statistical Par. Diff,Theil Index,Avg. Odds
Original_0_0_0,Tree,0.8735031277926721,0.8773126900746476,0.6985186916988813,0.7057831862560744,0.0028731834867123376,0.6637552544897591,0.6600310922427345,0.11004937091893612,0.20983359301434074,0.084475843119622,0.12384641839099977
sample_data_bank_tab_split_age_60_0_0.csv,Tree,0.8343163538873994,0.8322919546585569,0.6301478548980638,0.6228124647459083,0.010929657754298574,0.2706929007842799,0.49127947951170625,-0.05306577480490524,0.04827919579210639,0.1096909629924808,-0.016907686231611322
sample_data_bank_tab_split_age_60_0_1.csv,Tree,0.8324173369079535,0.8231904893558196,0.6324614978017024,0.6013009877005319,0.005352860098141327,0.04496983882881898,0.385858145490674,-0.14851090938047462,0.0037397416506328,0.11578532280387535,-0.07143701069943985
sample_data_bank_tab_split_age_60_0_2.csv,Tree,0.8299821268990171,0.8224716615980092,0.6236189952996536,0.6069204854727396,0.004832702210853229,0.08855313813077678,0.40273220929043496,-0.10629081063863673,0.013263102719394699,0.11456054759463571,-0.05344286813646622
sample_data_bank_tab_split_age_60_0_3.csv,Tree,0.833467381590706,0.832391484655792,0.625003416728988,0.6074130128778573,0.00888246737616732,0.06716736935635699,0.20365898409723243,-0.11433349259436217,0.008142957382933802,0.11320681998407567,-0.05966979761329742
sample_data_bank_tab_split_age_60_0_4.csv,Tree,0.8374664879356569,0.830201824716616,0.6310141574921518,0.6171192685355286,0.008995423900727825,0.06940538593043796,0.360473048661725,-0.12138875617136487,0.010054263220355058,0.11126485575013254,-0.06323015679235644
