,DI,Stat Par,Avg Odds,Eq Opp,Theil,prec,rec,acc,bal_acc,DI_sem,Stat Par_sem,Avg Odds_sem,Eq Opp_sem,Theil_sem,prec_sem,rec_sem,acc_sem,bal_acc_sem
Base,0.23416666666666666,0.218,0.17433333333333334,0.23783333333333334,0.11533333333333334,0.3641666666666667,0.6101666666666666,0.7555000000000001,0.6974999999999999,0.013390087544315926,0.014872793954062566,0.004240020964308758,0.007199151184534036,0.0008819171036881969,0.004826431854325153,0.009755055669298423,0.004766200443400034,0.001454876856186353
Original,0.668,-0.297,-0.072,-0.089,0.133,0.621,0.327,0.854,0.643,,,,,,,,,
sample_data,0.6034545454545455,-0.34172727272727277,-0.08518181818181818,-0.10200000000000001,0.13263636363636364,0.5344545454545454,0.36654545454545456,0.8396363636363635,0.6509090909090909,0.039189368603873266,0.03480049396438633,0.016937220004699806,0.024722091703207844,0.0023052222423829037,0.011593386544502335,0.01569734409287915,0.002498263859973481,0.0065316774198788665
