,DI,Stat Par,Avg Odds,Eq Opp,Theil,prec,rec,acc,bal_acc,DI_sem,Stat Par_sem,Avg Odds_sem,Eq Opp_sem,Theil_sem,prec_sem,rec_sem,acc_sem,bal_acc_sem
Base,0.206,0.34099999999999997,0.15133333333333332,0.18116666666666667,0.24850000000000003,0.693,0.6638333333333334,0.6593333333333334,0.6591666666666667,0.023576824779148423,0.032488972488112534,0.00991519596937504,0.014531383661272977,0.013637570653651378,0.0036514837167010918,0.02220272756016952,0.00404694672287366,0.0026635398334630606
Original,0.239,-0.526,-0.135,-0.119,0.175,0.681,0.785,0.686,0.677,,,,,,,,,
sample_data,0.2972,-0.6064,-0.1617,-0.1477,0.2177,0.7037,0.7102999999999999,0.6818000000000001,0.6794,0.01913972018836453,0.046252014971121934,0.01560701409267285,0.016683358308339613,0.006301763421632253,0.0032865043908552865,0.010707266483820949,0.0021489015281714848,0.0019787762772874367
