,DI,Stat Par,Avg Odds,Eq Opp,Theil,prec,rec,acc,bal_acc,DI_sem,Stat Par_sem,Avg Odds_sem,Eq Opp_sem,Theil_sem,prec_sem,rec_sem,acc_sem,bal_acc_sem
Base,0.042166666666666665,0.04416666666666667,0.15416666666666667,0.20433333333333334,0.11516666666666668,0.5093333333333333,0.734,0.7588333333333334,0.7503333333333333,0.007436023429524982,0.011157707849036221,0.004922172058936764,0.012518430856585466,0.0020069324297987134,0.005213231030539284,0.01094531863400971,0.0037896056669673582,0.0019436506316151093
Original,0.648,-0.53,-0.032,-0.005,0.091,0.806,0.704,0.885,0.824,,,,,,,,,
sample_data_parallel_adult-WGAN-gmm-d-None_sex,0.544,-0.7535000000000001,-0.1095,-0.059500000000000004,0.095,0.528,0.8140000000000001,0.7735000000000001,0.7865,0.01400000000000001,0.016499999999999983,0.0015000000000000013,0.009500000000000001,0.0050000000000000044,0.01200000000000001,0.02599999999999994,0.007500000000000034,0.003500000000000031
