,Select Fair,Select G Fair,Select Acc,Hyp,Best Res,time
0,0.7098901348978001,0.4159320042482374,0.7744468790292598,0.0,0.0,0.0
1,0.683443429112246,0.11976168245075813,0.763136237282316,3.9823819308092063,3.1185892166172686,20.36769938468933
2,0.36641665279253355,0.339615504483854,0.7538500093998738,1.2974971646142106,1.4664301817331633,25.263930082321167
3,0.10413558083647756,0.4209318210658738,0.7430258742902625,1.606825429750105,1.7514497387912344,28.345003366470337
4,0.01604362235923651,0.44229767541497866,0.743165726836216,2.061626782075453,2.0094021913981672,32.20725178718567
5,0.02274067857818096,0.43595618771345757,0.7384645973134878,2.054998560196832,1.9930959986509025,34.70475435256958
6,0.008796538225290473,0.4571643121247002,0.7402687767578627,2.2899332184831467,2.128018625091231,38.795796394348145
7,0.004200295757834871,0.42228548164630475,0.73711688452718,2.1967519607663957,2.07256844241242,42.40811324119568
8,0.01668058969535602,0.4117665984846618,0.7411796072641722,2.3621090580540285,2.167035806835954,45.91411232948303
