,DI,Stat Par,Avg Odds,Eq Opp,Theil,prec,rec,acc,bal_acc,DI_sem,Stat Par_sem,Avg Odds_sem,Eq Opp_sem,Theil_sem,prec_sem,rec_sem,acc_sem,bal_acc_sem
Base,0.04766666666666667,0.04650000000000001,0.156,0.20783333333333331,0.11499999999999999,0.51,0.7341666666666667,0.7588333333333334,0.7506666666666666,0.006849168643792554,0.013363507523600732,0.005240865068542277,0.012332657639148367,0.0017701224063135658,0.005887840577551896,0.009931151885747105,0.004126472801046658,0.00114503760248785
FAIRGAN_gender,0.261,-0.2104,-0.067,-0.0928,0.1522,0.3002,0.6082,0.5362,0.5603,0.0667254740626763,0.10634913153278581,0.02652252711271014,0.0296576016112789,0.02303080063258283,0.02852398600788076,0.08892116358512935,0.048632362338947376,0.02770962528316349
Original,0.654,-0.537,-0.037,-0.012,0.092,0.802,0.701,0.883,0.822,,,,,,,,,
VGAN-gmm-FAIR-SWAP-,0.6953333333333332,-0.6293333333333333,-0.119,-0.11166666666666668,0.13833333333333334,0.6143333333333333,0.5823333333333333,0.806,0.731,0.00933333333333332,0.014146063449281985,0.008144527815247082,0.013042665031009239,0.000881917103688196,0.002333333333333337,0.004096068575814808,0.0009999999999999825,0.002081665999466117
VGAN-gmm-nofair-FAIR-SWAP-,0.5985,-0.46599999999999997,-0.0595,-0.0475,0.142,0.656,0.5549999999999999,0.8174999999999999,0.7295,0.029499999999999995,0.040000000000000015,0.013499999999999998,0.014499999999999997,0.0010000000000000009,0.008000000000000007,0.007999999999999978,0.0014999999999999734,0.0014999999999999734
adult_tab_split,0.269,-0.2124,0.0846,0.1743,0.1394,0.6081,0.5884,0.8034000000000001,0.7314,0.02506790777069359,0.02041470058560742,0.00751176854453508,0.011576844705416643,0.0021509687739868885,0.009343387441869716,0.00999466524368542,0.003569002350486444,0.003596912256057661
naive2_VGAN-norm_sex,0.6751666666666667,-0.3421666666666667,-0.034333333333333334,-0.016999999999999998,0.1738333333333333,0.7465,0.397,0.8170000000000001,0.6761666666666667,0.018117057646808377,0.022543907775223398,0.012170090842352458,0.021986359407596343,0.0033308323951295447,0.0048149074065171275,0.01425482374496437,0.001983263304085789,0.0059967583835861754
sample_data,0.5787666666666667,-0.4485546876,-0.05621930146666666,-0.04533212573333333,0.14475635926666666,0.6467333333333334,0.5472,0.8133,0.7240666666666666,0.015852530407052166,0.014978620832047634,0.007641667098252038,0.012536249165195391,0.0012954420150849196,0.004604578763998903,0.005696823071102729,0.001316692128373033,0.0021231798605644706
