,DI,Stat Par,Avg Odds,Eq Opp,Theil,prec,rec,acc,bal_acc,DI_sem,Stat Par_sem,Avg Odds_sem,Eq Opp_sem,Theil_sem,prec_sem,rec_sem,acc_sem,bal_acc_sem
Base,0.021333333333333333,-0.0036666666666666675,0.08600000000000001,0.12633333333333333,0.11033333333333334,0.37399999999999994,0.636,0.7596666666666666,0.7106666666666666,0.007333333333333332,0.015169413670643672,0.0051961524227066335,0.008647414514048561,0.002905932629027118,0.006928203230275516,0.02170253441421071,0.006887992773257251,0.006227180564089811
Original,0.602,-0.297,-0.061,-0.067,0.128,0.591,0.369,0.851,0.659,,,,,,,,,
sample_data_parallel_medical-VGAN-norm-d-AvgOdd_RACE,0.297,-0.2796666666666667,-0.014333333333333332,0.012333333333333333,0.10733333333333334,0.4096666666666667,0.6286666666666667,0.785,0.7226666666666667,0.012767145334803694,0.01953060276705368,0.006887992773257275,0.013093679560934903,0.0024037008503093285,0.009735387911006817,0.024915412454498496,0.007549834435270749,0.005456901847914969
sample_data_parallel_medical-VGAN-norm-d-EqOp_RACE,0.39366666666666666,-0.38799999999999996,-0.05033333333333334,-0.02366666666666667,0.106,0.42133333333333334,0.6293333333333333,0.7920000000000001,0.727,0.031782245218220664,0.02793444707405775,0.009837569708915807,0.011680943645290156,0.0020816659994661348,0.014240006242195886,0.02382109242760385,0.010503967504392489,0.0045092497528228985
sample_data_parallel_medical-VGAN-norm-d-None_RACE,0.5806666666666667,-0.8663333333333334,-0.20533333333333334,-0.169,0.09733333333333334,0.37833333333333335,0.723,0.754,0.7416666666666667,0.02664165493691744,0.08004651425542805,0.024774538901416066,0.02203028218914441,0.0013333333333333352,0.003527668414752794,0.012013880860626755,0.0041633319989322695,0.0026034165586355687
