filename,Algorithm,Accuracy Gen,Accuracy Orig,Accuracy Bal Gen,Accuracy Bal Orig,K1 Dist,Disparate Impact,Disparate Impact Gen,Equal Opp. Diff,Statistical Par. Diff,Theil Index,Avg. Odds
Original_0_0_0,RandomForest,0.6591379310344828,0.6612297181895815,0.6547097677423988,0.6564320501446679,0.0017223512826954508,0.24281199822717783,0.21720813706100256,-0.12114193206936272,-0.16514529232479672,0.2164186035666172,-0.12858642352657862
