,DI,Stat Par,Avg Odds,Eq Opp,Theil,prec,rec,acc,bal_acc,DI_sem,Stat Par_sem,Avg Odds_sem,Eq Opp_sem,Theil_sem,prec_sem,rec_sem,acc_sem,bal_acc_sem
Base,0.016,0.0006666666666666673,0.03966666666666666,0.06799999999999999,0.231,0.7016666666666667,0.6900000000000001,0.674,0.6723333333333334,0.004509249752822895,0.01657642234554181,0.00617341972581738,0.01913983629327412,0.016370705543744896,0.0052387445485006,0.027319101986217134,0.005567764362830027,0.004096068575814838
Original,0.278,-0.577,-0.155,-0.145,0.215,0.682,0.719,0.667,0.663,,,,,,,,,
race-VGAN-norm-t-100_race,0.056666666666666664,0.06933333333333334,0.056666666666666664,0.114,0.3,0.7333333333333334,0.5763333333333334,0.6583333333333333,0.6653333333333333,0.023666666666666666,0.03258493175959983,0.010837178804672573,0.012767145334803706,0.008544003745317538,0.004977728174356049,0.012004628736912732,0.006437735971942656,0.0060092521257733185
race-VGAN-norm-t-15_race,0.055999999999999994,0.10466666666666667,0.07333333333333333,0.08866666666666667,0.20833333333333334,0.6736666666666666,0.731,0.6636666666666667,0.6576666666666667,0.027465129406819354,0.054271948964860706,0.018315142490421536,0.014437605218471816,0.008685876147196915,0.008089774066341007,0.015631165450257802,0.003666666666666661,0.0048074017006186475
race-VGAN-norm-t-1_race,0.25533333333333336,-0.3423333333333333,-0.074,-0.079,0.26266666666666666,0.7036666666666666,0.6396666666666667,0.6583333333333333,0.6603333333333333,0.0838656332739725,0.2486726987650858,0.08150460109711599,0.08755188937614844,0.020496612186190942,0.018773503787104934,0.034468987671689905,0.00833333333333337,0.00976956725983526
race-VGAN-norm-t-2_race,0.064,0.056999999999999995,0.05266666666666667,0.09233333333333334,0.28633333333333333,0.7126666666666667,0.6036666666666667,0.6513333333333334,0.6553333333333334,0.01969771560359221,0.04194043395102153,0.012387269450708033,0.011893041849940845,0.04134945921989522,0.01937638883911147,0.06483911713704245,0.011050389636167194,0.007310570733153766
