,DI,Stat Par,Avg Odds,Eq Opp,Theil,prec,rec,acc,bal_acc,DI_sem,Stat Par_sem,Avg Odds_sem,Eq Opp_sem,Theil_sem,prec_sem,rec_sem,acc_sem,bal_acc_sem
Base,0.023000000000000003,0.013333333333333334,0.09200000000000001,0.13333333333333333,0.11166666666666668,0.37233333333333335,0.6303333333333333,0.7593333333333333,0.7076666666666666,0.00901849950564579,0.012810585900383758,0.00721110255092798,0.01297861488928786,0.0029627314724385324,0.0072648315725678,0.023397530733913915,0.0071258527754773,0.007218802609235916
Original,0.602,-0.296,-0.062,-0.069,0.13,0.585,0.364,0.85,0.656,,,,,,,,,
VGAN-norm-t-100_RACE,0.038,0.020666666666666663,0.09766666666666667,0.1446666666666667,0.11266666666666668,0.39433333333333337,0.605,0.7746666666666666,0.707,0.011239810200058244,0.01585699985635506,0.00545690184791497,0.00952773728530431,0.0026034165586355526,0.021697414080433144,0.035594943461115386,0.01690496311080798,0.004358898943540678
VGAN-norm-t-15_RACE,0.053,0.004666666666666667,0.09500000000000001,0.15,0.11666666666666665,0.4206666666666667,0.5556666666666666,0.79,0.6963333333333334,0.019467922333931787,0.023680746985215183,0.012767145334803706,0.01379613472438325,0.005696002496878352,0.03407018898946376,0.06705553254165121,0.02003330560175563,0.015169413670643627
VGAN-norm-t-1_RACE,0.38766666666666666,-0.22466666666666665,0.006333333333333339,0.04133333333333333,0.11333333333333333,0.433,0.5696666666666667,0.8023333333333333,0.7096666666666667,0.08044943201235862,0.20211905182617276,0.07567547672646521,0.08908485343261846,0.003929942040850533,0.016093476939431074,0.015624055527010605,0.007688375063113862,0.010588253449512414
VGAN-norm-t-2_RACE,0.204,-0.19133333333333336,0.026,0.07266666666666667,0.11166666666666665,0.41966666666666663,0.5896666666666667,0.7926666666666667,0.7116666666666666,0.09986490875177327,0.11953428146119609,0.04366157731156003,0.05097166969122271,0.004055175020198811,0.0143100586224438,0.03925274229627503,0.009938701010583747,0.009597453365925341
