filename,Algorithm,Accuracy Gen,Accuracy Orig,Accuracy Bal Gen,Accuracy Bal Orig,K1 Dist,Disparate Impact,Disparate Impact Gen,Equal Opp. Diff,Statistical Par. Diff,Theil Index,Avg. Odds
Original_0_0_0,NeuralNet,0.5396551724137931,0.5392826643894107,0.5,0.5,0.0007659107604136343,0.0,0.0,0.0,0.0,0.05831632750755351,0.0
sample_data_0_8_0.csv,NeuralNet,0.7060344827586207,0.6695132365499573,0.6967179708477177,0.6696209284424377,0.004595145225651135,0.32883667916758585,0.3654188948306596,-0.1644329255004514,-0.213684484657637,0.24374537126447773,-0.17494063793513387
sample_data_0_9_0.csv,NeuralNet,0.7034482758620689,0.6494449188727583,0.6992842102733698,0.6479765214704973,0.018598907251048336,0.2873811396646404,0.4450953234479387,-0.11796021294480241,-0.1870916926095914,0.24792042717575294,-0.1581220494625117
sample_data_1_8_0.csv,NeuralNet,0.5586206896551724,0.6784799316823228,0.5,0.6792846518542652,0.003806288568713855,0.32781822192808296,0.0,-0.1532642196693752,-0.20947229343419016,0.24166452878534916,-0.1689947791607077
sample_data_1_9_0.csv,NeuralNet,0.7491379310344828,0.6648163962425278,0.7293121217403538,0.6641860700613527,0.003423600217814189,0.20265841659158135,0.270619505868413,-0.08237601569066966,-0.1214487261884567,0.2422435935464947,-0.08084769370920919
sample_data_2_8_0.csv,NeuralNet,0.5508620689655173,0.6605465414175918,0.5,0.6634001747901528,0.005341369402991281,0.41336863004632696,0.0,-0.2438747237010056,-0.26861499425393087,0.2694516345950171,-0.22822423960334914
sample_data_2_9_0.csv,NeuralNet,0.5206896551724138,0.6332194705380018,0.5,0.6423842638964409,0.005441813506458093,0.34003970880211776,0.0,-0.1268796114691323,-0.17186122466533027,0.3363075529207867,-0.13987544107072503
