filename,Algorithm,Accuracy Gen,Accuracy Orig,Accuracy Bal Gen,Accuracy Bal Orig,K1 Dist,Disparate Impact,Disparate Impact Gen,Equal Opp. Diff,Statistical Par. Diff,Theil Index,Avg. Odds
Original_0_0_0,LinSVC,0.684655172413793,0.6801878736122972,0.6769758648334948,0.6709443291162089,0.0023374722389321876,0.2514827368202933,0.19484947002905392,-0.1378926558948974,-0.18944427587184554,0.17349003779873542,-0.1502913790568977
sample_data_0_8_0.csv,LinSVC,0.7213793103448276,0.6712211784799317,0.7105197545070963,0.671136950506209,0.0074176993608538674,0.33174976641881115,0.35883667877810066,-0.18067619314467176,-0.21717433565804245,0.24115437817978322,-0.17568256594821888
sample_data_0_9_0.csv,LinSVC,0.7043103448275861,0.672929120409906,0.693793084804412,0.6728555002028945,0.013937333487883619,0.3601821234347282,0.38414201635686956,-0.19438217988231998,-0.2414217120976457,0.23994046017529996,-0.2017784746332567
sample_data_1_8_0.csv,LinSVC,0.6741379310344827,0.6682322801024765,0.6587745949074074,0.6669480773450095,0.007566937027662228,0.38819694754086165,0.3378741461616132,-0.2176379938358084,-0.2742137282869865,0.23523918281511028,-0.238705558872529
sample_data_1_9_0.csv,LinSVC,0.7368965517241379,0.6853116994022204,0.7112899131780386,0.6803530584974651,0.004570537629416066,0.28541714501816595,0.2296445650023407,-0.16177111546963052,-0.2019558138034676,0.19821864188699997,-0.15806913622729427
sample_data_2_8_0.csv,LinSVC,0.7213793103448276,0.6789069171648164,0.7088252698103743,0.6740097609513516,0.0025699684654401133,0.3742056404119395,0.33037266843755564,-0.24918277762211635,-0.28414411444035353,0.20317023271519058,-0.24268330271449043
sample_data_2_9_0.csv,LinSVC,0.7286206896551725,0.6605465414175918,0.7255681547477251,0.6594846405538104,0.0025934428304872476,0.36126650179386255,0.2514886229655976,-0.22193424862239652,-0.2478001275842378,0.2424744128741076,-0.2084386609188605
