filename,Algorithm,Accuracy Gen,Accuracy Orig,Accuracy Bal Gen,Accuracy Bal Orig,K1 Dist,Disparate Impact,Disparate Impact Gen,Equal Opp. Diff,Statistical Par. Diff,Theil Index,Avg. Odds
Original_0_0_0,Tree,0.598103448275862,0.6061485909479079,0.59535305309258,0.6040939933679539,0.0019518842066928333,0.13777398511645883,0.1627662353493576,-0.05699231032657763,-0.08089684870118127,0.2758695993260401,-0.05506517369565813
sample_data_0_8_0.csv,Tree,0.6774137931034482,0.5573014517506405,0.6740985807441503,0.5626395220934899,0.003785902520711968,0.22806268777590571,0.25972326732596696,-0.12299741602067185,-0.11689503608117291,0.3707669679394779,-0.09878782959265123
sample_data_0_9_0.csv,Tree,0.6679310344827586,0.5474807856532878,0.6650260273519984,0.5520760183067368,0.016944818271732134,0.09548041775876501,0.28345265841749245,-0.02460539833753621,-0.0453327025797979,0.3728690096414183,-0.03411064398718413
sample_data_1_8_0.csv,Tree,0.646551724137931,0.5760034158838601,0.6412977430555555,0.5810863406118536,0.006328012642732745,0.13937655598318185,0.22598690915856806,-0.037822608262507405,-0.06783499423800274,0.3534113155408223,-0.049896095953741865
sample_data_1_9_0.csv,Tree,0.6755172413793102,0.5995730145175064,0.6687315553027453,0.5998741540252001,0.005564075612652894,0.14239941562757205,0.1861048930593852,-0.059120201737181265,-0.0793908449947079,0.298295962981632,-0.05414707003671163
sample_data_2_8_0.csv,Tree,0.7077586206896551,0.5787361229718189,0.7033383495685138,0.5818377474817964,0.0027952844344635093,0.25658102333782745,0.2446359232115905,-0.11449519006257591,-0.14355090348276298,0.33588029574810635,-0.12655034580000732
sample_data_2_9_0.csv,Tree,0.6936206896551724,0.5964987190435525,0.6931880985278003,0.5989815648488344,0.002815449119663066,0.34278945125600313,0.17372573084073992,-0.20063821176177582,-0.209831631811959,0.317044966127931,-0.1851333666637351
