filename,Algorithm,Accuracy Gen,Accuracy Orig,Accuracy Bal Gen,Accuracy Bal Orig,K1 Dist,Disparate Impact,Disparate Impact Gen,Equal Opp. Diff,Statistical Par. Diff,Theil Index,Avg. Odds
Original_0_0_0,RandomForest,0.6672413793103449,0.6631938514090521,0.6642268250948296,0.658401631374759,0.0046948315794725125,0.24671149012383298,0.2361550985441827,-0.1218610877619003,-0.16837025869655417,0.21505970687422934,-0.13173084305821267
sample_data_0_8_0.csv,RandomForest,0.7632758620689655,0.6345004269854825,0.7585682777138473,0.6436934289322463,0.004966642285093491,0.5379434088154982,0.34011872215509564,-0.3356355655178855,-0.32483026597570486,0.33542666871848514,-0.2848862611101436
sample_data_0_9_0.csv,RandomForest,0.7598275862068965,0.5853116994022203,0.7555618633962013,0.5976286655850517,0.010585911762570163,0.3939343658742608,0.37075278349953067,-0.17864014196320163,-0.1854082496509751,0.4020258333838057,-0.1602417031597775
sample_data_1_8_0.csv,RandomForest,0.7244827586206897,0.6297181895815542,0.7177324459876543,0.6350874721249331,0.005501553970499911,0.28881488161361785,0.3056414132083883,-0.15124840447059557,-0.15681026662875777,0.31190772301676506,-0.11951807741189549
sample_data_1_9_0.csv,RandomForest,0.7503448275862068,0.6657557643040135,0.7379401879562435,0.665435063843901,0.007715652863490685,0.2764020362008364,0.23791378109547204,-0.11707294293452881,-0.17403461658228744,0.24365127096081657,-0.13728075801259806
sample_data_2_8_0.csv,RandomForest,0.796551724137931,0.6389410760034158,0.7926168227106294,0.6368336125426243,0.0034333230948184537,0.43028241310304105,0.3187360163057668,-0.25149279287693405,-0.32020601429867296,0.25120564378746424,-0.2969106946184721
sample_data_2_9_0.csv,RandomForest,0.7899999999999999,0.6265584970111016,0.7895111725189385,0.6355198979730359,0.00315782832909167,0.3564185469914528,0.21630186884715644,-0.17277326359702377,-0.18360598292027736,0.3405268709557527,-0.14762821743800328
