filename,Algorithm,Accuracy Gen,Accuracy Orig,Accuracy Bal Gen,Accuracy Bal Orig,K1 Dist,Disparate Impact,Disparate Impact Gen,Equal Opp. Diff,Statistical Par. Diff,Theil Index,Avg. Odds
Original_0_0_0,LogReg,0.6839655172413793,0.67933390264731,0.676942360388173,0.6704226003227234,0.0014477063196983886,0.25197426801526224,0.24302911047430759,-0.14264811182715353,-0.18860167834596042,0.17625738665575094,-0.14856165252290116
sample_data_0_8_0.csv,LogReg,0.7170689655172414,0.6725021349274125,0.7066887226697354,0.6731347094939231,0.006725685052600602,0.352980106668743,0.351406819769045,-0.18944771333395605,-0.2310724163992734,0.24504534360819158,-0.19016348103330397
sample_data_0_9_0.csv,LogReg,0.701896551724138,0.6712211784799317,0.6916376055436908,0.6715420057720376,0.012056202441785329,0.369912012150703,0.38214225235711385,-0.2018150119859282,-0.2474982897181599,0.24390243438350515,-0.20811269173218125
sample_data_1_8_0.csv,LogReg,0.6672413793103449,0.6725021349274125,0.6543643904320987,0.671041923953809,0.0038011194663745986,0.39827149920193095,0.3569925026259117,-0.22986519722300058,-0.2851643104995775,0.23088109083296252,-0.24836981293876698
sample_data_1_9_0.csv,LogReg,0.7320689655172414,0.6827497865072587,0.7082219388301206,0.6781127800072939,0.003529690799643613,0.30744907713802494,0.2595228970012625,-0.18558731048223898,-0.21976504430804672,0.20216823960303038,-0.1757696379553221
sample_data_2_8_0.csv,LogReg,0.7224137931034482,0.6759180187873612,0.7102958978009666,0.6726562746509517,0.001794039392479641,0.40603573792190606,0.3402429944339679,-0.2768360262756452,-0.3053818726849474,0.21624817623625878,-0.26352812699139194
sample_data_2_9_0.csv,LogReg,0.7289655172413794,0.6626814688300597,0.7262851970079565,0.6615990730691815,0.002108722771223966,0.37269399404367964,0.23897157993503565,-0.23102487469256872,-0.25832941103388624,0.24074346368440777,-0.21877637817567025
