,DI,Stat Par,Avg Odds,Eq Opp,Theil,prec,rec,acc,bal_acc,DI_sem,Stat Par_sem,Avg Odds_sem,Eq Opp_sem,Theil_sem,prec_sem,rec_sem,acc_sem,bal_acc_sem
.20,0.016333333333333335,0.007666666666666666,0.15666666666666665,0.23399999999999999,0.13,0.5503333333333333,0.653,0.7816666666666667,0.7383333333333333,0.009404490653110591,0.012170090842352458,0.005456901847914974,0.01053565375285274,0.0010000000000000009,0.007423685817106673,0.005567764362830039,0.003711842908553357,0.002333333333333337
.5,0.039,0.042333333333333334,0.154,0.206,0.11833333333333333,0.512,0.7203333333333334,0.7603333333333334,0.7466666666666667,0.010115993936995681,0.01316983084342561,0.0040414518843273845,0.013051181300301272,0.002848001248439172,0.009291573243177578,0.01483614205617863,0.0063333333333333245,0.004055175020198818
0,0.6246666666666667,-0.49333333333333335,-0.07466666666666667,-0.073,0.1396666666666667,0.6603333333333333,0.5616666666666666,0.8196666666666665,0.7333333333333334,0.01419311257069584,0.014518187826921727,0.006333333333333336,0.00721110255092798,0.000881917103688196,0.006064468466220098,0.002728450923957459,0.0023333333333333674,0.002403700850309337
1,0.04833333333333333,0.056333333333333326,0.15266666666666664,0.19466666666666665,0.11399999999999999,0.5036666666666667,0.739,0.754,0.749,0.013860415257527861,0.018478215402046933,0.0008819171036881999,0.011623730516108469,0.0030550504633038928,0.01257422407590668,0.020000000000000018,0.0088881944173156,0.0020000000000000018
Base,0.04883333333333333,0.04666666666666667,0.15616666666666665,0.20733333333333334,0.11483333333333334,0.5108333333333334,0.7343333333333333,0.7595000000000001,0.7511666666666666,0.0058218935445819055,0.014504405461023828,0.004749853798919615,0.011901447157570563,0.0018333333333333322,0.005974482776311646,0.0104583831340116,0.004201190307519997,0.0017013066873566621
Original,0.649,-0.529,-0.033,-0.008,0.092,0.804,0.701,0.884,0.822,,,,,,,,,
