,DI,Stat Par,Avg Odds,Eq Opp,Theil,prec,rec,acc,bal_acc,DI_sem,Stat Par_sem,Avg Odds_sem,Eq Opp_sem,Theil_sem,prec_sem,rec_sem,acc_sem,bal_acc_sem
.1,0.48300000000000004,0.377,0.026333333333333334,0.09699999999999999,0.13266666666666668,0.668,0.5876666666666667,0.8253333333333334,0.7456666666666667,0.06431433225443095,0.059869302094924505,0.01983543406241579,0.027061657993059724,0.0031797973380564893,0.006806859285554035,0.010397649306988183,0.0032829526005986823,0.005897268670984694
.25,0.142,0.10666666666666667,0.137,0.24433333333333332,0.135,0.6223333333333333,0.6006666666666667,0.8106666666666666,0.7403333333333334,0.013999999999999997,0.009938701010583719,0.008326663997864536,0.015344199048645216,0.0010000000000000009,0.0054569018479149805,0.0052068331172711165,0.0017638342073763693,0.0014529663145135413
.5,0.059,0.05433333333333334,0.14233333333333334,0.22533333333333336,0.12266666666666666,0.5623333333333332,0.6746666666666666,0.7879999999999999,0.75,0.004932882862316251,0.00845248155540398,0.007218802609235909,0.015025903559446191,0.0035276684147527854,0.019055474570608605,0.022820556035683646,0.008962886439832524,0.001732050807568879
Base,0.049666666666666665,0.045000000000000005,0.15533333333333332,0.25466666666666665,0.12766666666666668,0.5790000000000001,0.646,0.7953333333333333,0.7453333333333333,0.027351619899214582,0.02821347195933177,0.014437605218471802,0.026710380836754193,0.004910306620885419,0.011789826122551602,0.02868797657556209,0.004176654695380588,0.006936217348894911
Original,0.653,0.531,0.031,0.002,0.092,0.807,0.7,0.884,0.822,,,,,,,,,
