,FAIRGAN,FAIRSWAP,ORIGINAL,TABFAIRGAN,VGAN-GMM,VGAN-NORM,VGAN-ORDI-GMM,VGAN-ORDI-NORM,WGAN-GMM,WGAN-NORM
Avg Before Select,63.857142857142854,1654.6666666666667,1881.0,913.4,969.8181818181819,977.6,878.6666666666666,760.5,440.3636363636364,401.25
All,168.0,1704.0,N/A,1472.0,1758.0,1788.0,1619.0,1504.0,1259.0,1291.0
Avg After Select,129.16666666666666,N/A,N/A,1006.5,1333.8333333333333,1295.1666666666667,1243.6666666666667,1166.6666666666667,815.3333333333334,897.0
