,DI,Stat Par,Avg Odds,Eq Opp,Theil,prec,rec,acc,bal_acc,DI_sem,Stat Par_sem,Avg Odds_sem,Eq Opp_sem,Theil_sem,prec_sem,rec_sem,acc_sem,bal_acc_sem
0,0.045000000000000005,0.02266666666666667,0.18000000000000002,0.30933333333333335,0.148,0.6303333333333333,0.5383333333333334,0.807,0.717,0.009848857801796104,0.008412952976082643,0.011503622617824932,0.017169093679567878,0.0025166114784235852,0.009871395263307214,0.013420548092798306,0.0020816659994661348,0.0032145502536643214
1,0.024666666666666667,0.015333333333333332,0.17500000000000002,0.28933333333333333,0.14166666666666666,0.6123333333333333,0.5763333333333334,0.8046666666666668,0.7280000000000001,0.0029059326290271164,0.0034801021696368507,0.003055050463303889,0.00578311719096582,0.002027587510099396,0.007881060278357941,0.008762292952063239,0.0021858128414339946,0.001732050807568879
100,0.5373333333333333,0.586,0.049666666666666665,0.06433333333333334,0.10866666666666668,0.6013333333333333,0.7153333333333333,0.8106666666666666,0.7786666666666667,0.040596934750189106,0.10110555540292201,0.03200173606401864,0.010413666234542209,0.006173419725817376,0.017647788655932067,0.03678918923331208,0.005783117190965812,0.008838049055708598
25,0.3153333333333333,0.2816666666666667,0.07066666666666667,0.15866666666666665,0.12233333333333334,0.607,0.655,0.8093333333333333,0.7576666666666667,0.009769567259835243,0.014655298624653727,0.002905932629027112,0.003527668414752793,0.0018559214542766761,0.007094598884597606,0.01200000000000001,0.0018559214542766276,0.0028480012484391744
50,0.4013333333333333,0.417,0.039,0.11533333333333333,0.113,0.582,0.7093333333333334,0.8013333333333333,0.7703333333333333,0.06037199497927644,0.06087144924620518,0.01734935157289747,0.03411907254177803,0.0005773502691896263,0.01527525231651945,0.009769567259835249,0.00742368581710666,0.0026034165586355687
Base,0.048999999999999995,0.044333333333333336,0.157,0.25833333333333336,0.12766666666666668,0.5766666666666667,0.6456666666666666,0.794,0.7443333333333334,0.021571586249817913,0.02204792759220492,0.013076696830622013,0.025860738152221764,0.004910306620885419,0.010333333333333323,0.02781086917815483,0.00351188458428426,0.007218802609235919
Original,0.656,0.535,0.034,0.009,0.091,0.809,0.703,0.885,0.824,,,,,,,,,
