filename,Test Algorithm,Accuracy Gen,Accuracy Orig,Accuracy Bal Gen,Accuracy Bal Orig,K1 Dist,Disparate Impact,Disparate Impact Gen,Equal Opp. Diff,Statistical Par. Diff,Theil Index,Avg. Odds,testfile
Original_0_0_0,Tree,0.5927586206896551,0.6034158838599487,0.5900431968027187,0.6010067677983999,0.0009610350064816,0.1444313835718414,0.1571957609179424,-0.0578593443541608,-0.0858428483937686,0.2752892586842607,-0.0617893081780776,all_test
Original_0_0_0,LogReg,0.6777586206896552,0.67933390264731,0.6709438680882125,0.6704226003227234,0.0035665115071126,0.2519742680152622,0.2415005022286787,-0.1426481118271535,-0.1886016783459604,0.1762573866557509,-0.1485616525229011,all_test
Original_0_0_0,RandomForest,0.6591379310344828,0.6612297181895815,0.6547097677423988,0.6564320501446679,0.0017223512826954,0.2428119982271778,0.2172081370610025,-0.1211419320693627,-0.1651452923247967,0.2164186035666172,-0.1285864235265786,all_test
Original_0_0_0,LinSVC,0.6775862068965517,0.6801878736122972,0.6695181342810305,0.6709443291162089,0.0022699864265837,0.2514827368202933,0.2149381331614103,-0.1378926558948974,-0.1894442758718455,0.1734900377987354,-0.1502913790568977,all_test
Original_0_0_0,NeuralNet,0.5396551724137931,0.6857386848847139,0.5,0.6770359347127226,0.0002346586520528,0.2459124711596322,0.0,-0.1261246536533731,-0.1825848311738785,0.1732805916230977,-0.1423609223556485,all_test
