filename,Test Algorithm,Accuracy Gen,Accuracy Orig,Accuracy Bal Gen,Accuracy Bal Orig,K1 Dist,Disparate Impact,Disparate Impact Gen,Equal Opp. Diff,Statistical Par. Diff,Theil Index,Avg. Odds,testfile,Select Algorithm,selected,retrain,weight,test
Original_0_0_0,RandomForest,0.6658620689655173,0.6617421007685739,0.6620406600375728,0.6567720911051478,0.0026162270642067,0.2400510708365907,0.2612076789994553,0.1181226239585861,0.1709286930206166,0.2148735102356245,0.1300169297321919,all_test,None,0,0,0,0
sample_data_gender_pro_compas_tab_gender_split_60_0_0.csv,RandomForest,0.6722413793103448,0.6634500426985482,0.6661108621037147,0.6664432258542667,0.0122068426939359,0.1448686282674207,0.114606247884157,0.0483398042546307,0.0778108027777027,0.26813961458624,0.023252269180494,all_test,None,60,0,0,0
sample_data_FAIRGAN_gender_0_2_0.csv,RandomForest,0.625945945945946,0.5432963279248505,0.5910543625744794,0.5052470066635995,0.7804226460578079,0.0049944082821303,0.0573052236077901,0.0045154897678557,0.0049469948751204,0.0642042679084687,0.0031027402191271,all_test,None,0,2,0,0
sample_data_FAIRGAN_gender_1_2_0.csv,RandomForest,0.6427799227799228,0.5742100768573868,0.6415830658105939,0.5408758733086925,0.4127858744345214,0.0342807631685342,0.0681657613652785,0.0122138639488796,0.0324610229944067,0.0783284115981145,0.0237978556049876,all_test,None,1,2,0,0
sample_data_FAIRGAN_gender_2_2_0.csv,RandomForest,0.5644787644787644,0.5135781383432964,0.5441934610568857,0.4804479382907107,0.6084376987157085,0.0114877269360427,0.0350395154467695,0.0201468090269352,0.0074009024831797,0.1145223300268181,0.0109230646494132,all_test,None,2,2,0,0
sample_data_gender_pro_compas_tab_gender_split_60_0_1.csv,RandomForest,0.6417241379310344,0.6204099060631938,0.6377518241201829,0.6195442834741121,0.0149788606956535,0.2102991628454184,0.1706774812565369,0.1007320229717705,0.1315337710646959,0.2738947392034977,0.0970979853630011,all_test,None,60,0,1,0
sample_data_gender_pro_compas_tab_gender_split_60_0_2.csv,RandomForest,0.6227586206896552,0.6260461144321093,0.6147545331790123,0.6209759190241689,0.0058510152672851,0.1846871479819332,0.0824382312039595,0.0813900347812019,0.1243418267628594,0.2396131537105365,0.0933879402214686,all_test,None,60,0,2,0
