filename,Algorithm,Accuracy Gen,Accuracy Orig,Accuracy Bal Gen,Accuracy Bal Orig,K1 Dist,Disparate Impact,Disparate Impact Gen,Equal Opp. Diff,Statistical Par. Diff,Theil Index,Avg. Odds
Original_0_0_0,LinSVC,0.6781034482758621,0.672929120409906,0.6702450610857833,0.6636742475107813,0.0031217385365444,0.2449850434902545,0.2647170785579741,0.1327246622987947,0.1919735739955146,0.1783223847434713,0.1509351686810513
sample_data_FAIRGAN_gender_0_2_0.csv,LinSVC,0.6163706563706564,0.6490179333902647,0.570716821033174,0.6484582583944402,0.7526065791083324,0.0444048097534833,0.1104596939089011,-0.036358489039877,0.0238815783548145,0.2545774346781975,-0.0139409398418097
sample_data_FAIRGAN_gender_1_2_0.csv,LinSVC,0.635057915057915,0.5691716481639624,0.6340138443017657,0.5947484438026177,0.4077155628326988,0.1574263535678327,0.083390324479036,0.0042970961740677,0.0327420357210408,0.521429187610109,0.0054872126212202
sample_data_FAIRGAN_gender_2_2_0.csv,LinSVC,0.5678764478764478,0.601195559350982,0.5366878894673995,0.5705673048488491,0.6133896262739378,0.0475831016720741,0.1182752015914715,0.0142663592979049,0.0442842731948085,0.0812404721779105,0.027405070892455
sample_data_gender_pro_compas_tab_gender_split_60_0_0.csv,LinSVC,0.6682758620689656,0.6754910333048676,0.6521485661686184,0.6690874589166091,0.0100560986379723,0.112512622215789,0.1385149298310875,0.0417778856264661,0.0735113981283831,0.1955331425292524,0.0185998584469795
sample_data_gender_pro_compas_tab_gender_split_60_0_1.csv,LinSVC,0.651896551724138,0.6635354397950469,0.6467542005517143,0.6591503965799247,0.018726357130551,0.1308319669512999,0.2243912538127504,0.0124767451265873,0.0830068361749843,0.2175751925938388,0.0455959628605081
sample_data_gender_pro_compas_tab_gender_split_60_0_2.csv,LinSVC,0.6487931034482759,0.6622544833475662,0.6357204861111111,0.6527645388790683,0.0056154162382367,0.1961414790996785,0.1751643734340331,0.0836467685836771,0.1471061093247588,0.183968899725238,0.111009043361544
