filename,Algorithm,Accuracy Gen,Accuracy Orig,Accuracy Bal Gen,Accuracy Bal Orig,K1 Dist,Disparate Impact,Disparate Impact Gen,Equal Opp. Diff,Statistical Par. Diff,Theil Index,Avg. Odds
Original_0_0_0,LogReg,0.6777586206896552,0.67933390264731,0.6709438680882125,0.6704226003227234,0.0035665115071126267,0.25197426801526224,0.2415005022286787,-0.14264811182715353,-0.18860167834596042,0.17625738665575094,-0.14856165252290116
