filename,Algorithm,Accuracy Gen,Accuracy Orig,Accuracy Bal Gen,Accuracy Bal Orig,K1 Dist,Disparate Impact,Disparate Impact Gen,Equal Opp. Diff,Statistical Par. Diff,Theil Index,Avg. Odds
Original_0_0_0,LinSVC,0.6775862068965517,0.6801878736122972,0.6695181342810305,0.6709443291162089,0.0022699864265837088,0.2514827368202933,0.21493813316141033,-0.1378926558948974,-0.18944427587184554,0.17349003779873542,-0.1502913790568977
