filename,Algorithm,Accuracy Gen,Accuracy Orig,Accuracy Bal Gen,Accuracy Bal Orig,K1 Dist,Disparate Impact,Disparate Impact Gen,Equal Opp. Diff,Statistical Par. Diff,Theil Index,Avg. Odds
Original_0_0_0,Tree,0.5927586206896551,0.6034158838599487,0.5900431968027187,0.6010067677983999,0.0009610350064816345,0.1444313835718414,0.15719576091794246,-0.057859344354160805,-0.08584284839376861,0.27528925868426074,-0.06178930817807765
