filename,Algorithm,Accuracy Gen,Accuracy Orig,Accuracy Bal Gen,Accuracy Bal Orig,K1 Dist,Disparate Impact,Disparate Impact Gen,Equal Opp. Diff,Statistical Par. Diff,Theil Index,Avg. Odds
Original_0_0_0,LogReg,0.6829310344827586,0.6742100768573869,0.675103205657465,0.6654019696546096,0.0035536999212461,0.2618640395886068,0.2734160369854426,0.1422389387689071,0.2068505858935213,0.1804188920111181,0.1672543487660342
sample_data_FAIRGAN_gender_0_2_0.csv,LogReg,0.604015444015444,0.6481639624252775,0.5544758912945156,0.6483415848667831,0.7847622640386135,0.0474574252709301,0.0624821045752863,-0.0365101512577853,0.0251245192610806,0.2603768832172362,-0.0121475186516835
sample_data_FAIRGAN_gender_1_2_0.csv,LogReg,0.6231660231660231,0.6157130657557643,0.6210690877474585,0.6324314249506706,0.4016728440600178,0.1438504823151125,0.0979085199296138,0.0215966998301383,0.0483531032991975,0.4069970025351767,0.005827005119654
sample_data_FAIRGAN_gender_2_2_0.csv,LogReg,0.5711196911196911,0.5866780529461998,0.5370393467824977,0.554001865308851,0.6400690073436246,0.0388934733327642,0.0614467674578524,0.0101613685998543,0.036932457870608,0.0759415818936773,0.0253825635482278
sample_data_gender_pro_compas_tab_gender_split_60_0_0.csv,LogReg,0.6637931034482759,0.67933390264731,0.6482566306993031,0.6738655700822659,0.0093676076563804,0.1346587952288885,0.1117215961800776,0.0554982609399012,0.087980851504589,0.1990655378307734,0.031700883102231
sample_data_gender_pro_compas_tab_gender_split_60_0_1.csv,LogReg,0.6603448275862067,0.6601195559350982,0.6549552777081169,0.6563883892962679,0.0155858334256068,0.1214489436299889,0.219356909560053,0.0101714794143816,0.0752677276698461,0.2244885604842376,0.0369363328032857
sample_data_gender_pro_compas_tab_gender_split_60_0_2.csv,LogReg,0.651206896551724,0.6601195559350982,0.6385368441358026,0.6510551616295256,0.0058847435682445,0.1813695230900105,0.1135545944653491,0.063313920569441,0.1329789150386842,0.188276384185022,0.0994331831289161
