filename,Algorithm,Accuracy Gen,Accuracy Orig,Accuracy Bal Gen,Accuracy Bal Orig,K1 Dist,Disparate Impact,Disparate Impact Gen,Equal Opp. Diff,Statistical Par. Diff,Theil Index,Avg. Odds
Original_0_0_0,NeuralNet,0.6167241379310345,0.6794192997438088,0.5974135764798794,0.672230012687329,0.0038924358803371583,0.23861963769543354,0.164549098512107,0.12648224540969016,0.17824853414034425,0.18756283424716375,0.13097003114147046
sample_data_FAIRGAN_gender_0_2_0.csv,NeuralNet,0.6013899613899614,0.5821520068317677,0.552345731815232,0.5695587025610207,0.7398627629164822,0.06534708970312379,0.06894306689024325,-0.013251233519372302,0.006065191349851834,0.22471460993146594,-0.014823004471268183
sample_data_FAIRGAN_gender_1_2_0.csv,NeuralNet,0.6231660231660232,0.5808710503842869,0.6220171214553237,0.569815751219752,0.406633688127285,0.26371391254457416,0.04154661627168103,-0.05484914664725391,-0.05323885181082079,0.23552058711244808,-0.08145162916795588
sample_data_FAIRGAN_gender_2_2_0.csv,NeuralNet,0.557065637065637,0.5590093936806148,0.5290455057456261,0.5256887957457457,0.6242291681538207,0.008868051340604689,0.0802409791589368,-0.018466391652511516,-0.005902618282039485,0.08687368712230906,-0.011899462652858439
sample_data_gender_pro_compas_tab_gender_split_60_0_0.csv,NeuralNet,0.6182758620689655,0.644918872758326,0.5890816440103359,0.6363406485433787,0.011663083277086142,0.16691883270468338,0.08250603689294686,0.08170953652026207,0.1042273501040287,0.19995891918688144,0.05974188008206893
sample_data_gender_pro_compas_tab_gender_split_60_0_1.csv,NeuralNet,0.6612068965517242,0.6156276686592655,0.6556055123658033,0.606010154265885,0.01873662843608743,0.10398836726741059,0.13603330094792515,0.01928941195502707,0.06424788564943665,0.21463653006256106,0.038801043442527536
sample_data_gender_pro_compas_tab_gender_split_60_0_2.csv,NeuralNet,0.6024137931034483,0.6399658411614004,0.5744912229938273,0.6340572228618476,0.004766012584933171,0.15861786502951752,0.0687442744461109,0.04047965704117125,0.10649391589433203,0.22381972257942367,0.07794874495401227
