filename,Algorithm,Accuracy Gen,Accuracy Orig,Accuracy Bal Gen,Accuracy Bal Orig,K1 Dist,Disparate Impact,Disparate Impact Gen,Equal Opp. Diff,Statistical Par. Diff,Theil Index,Avg. Odds
Original_0_0_0,Tree,0.5834482758620689,0.6032450896669513,0.5818022998408539,0.6018475509933026,0.0032016656733769,0.1166667031241593,0.121410362953492,0.0428799644099328,0.0678276455276644,0.2828752349073768,0.0372076751277972
sample_data_FAIRGAN_gender_0_2_0.csv,Tree,0.5603088803088803,0.5770281810418445,0.5510655713527226,0.5457165038740748,0.7694750986090223,0.0161069833651156,0.0308686560181595,0.00166424007118,0.0147229953074477,0.0900906497788505,0.0013225905140653
sample_data_FAIRGAN_gender_1_2_0.csv,Tree,0.5734362934362934,0.5976088812980358,0.5726257356875335,0.5734662384234545,0.3984049308485318,0.0264360261773877,0.0669444321549617,0.0034174553101997,0.0126054923577147,0.1258903771515888,-0.0132033075308257
sample_data_FAIRGAN_gender_2_2_0.csv,Tree,0.530965250965251,0.4432963279248505,0.5255551043494656,0.4752608093620599,0.5858282092874979,0.3469059581590899,0.0659437473854538,-0.0048673461134028,0.0015473713601196,0.7302669594458461,0.0136245703126174
sample_data_gender_pro_compas_tab_gender_split_60_0_0.csv,Tree,0.603448275862069,0.5886421861656703,0.6001161143214683,0.5878762996440356,0.0099668193975392,0.1088852775696868,0.0558778796019817,0.0559370702903826,0.0618935033820601,0.2985803483004564,0.0301723202977969
sample_data_gender_pro_compas_tab_gender_split_60_0_1.csv,Tree,0.5756896551724138,0.5871050384286934,0.5747339949127647,0.5870722062377043,0.018429949379588,0.1268279874394302,0.100128060835084,0.0319380409285771,0.0715740315418771,0.3052844067590426,0.0519619566231583
sample_data_gender_pro_compas_tab_gender_split_60_0_2.csv,Tree,0.5732758620689655,0.568061485909479,0.5691116898148147,0.5657838369740611,0.0066329591335736,0.0990301828058638,0.0980862414212923,0.0077913936746744,0.0578512433912471,0.3025048993546829,0.0500372402199841
