filename,Algorithm,Accuracy Gen,Accuracy Orig,Accuracy Bal Gen,Accuracy Bal Orig,K1 Dist,Disparate Impact,Disparate Impact Gen,Equal Opp. Diff,Statistical Par. Diff,Theil Index,Avg. Odds
Original_0_0_0,NeuralNet,0.6922413793103448,0.677198975234842,0.6860962534850606,0.6683081678073521,0.004309433182865247,0.2465719885086105,0.20483348069554974,-0.14011083092058152,-0.1836679433054511,0.17784126752952834,-0.14374235969697324
sample_data_0_99_0.csv,NeuralNet,0.5836206896551724,0.5098206660973527,0.5,0.5273665463975397,0.22302649071558495,0.7300390741865588,0.0,-0.321495283459419,-0.3847859380189083,0.5170362974955885,-0.39494110969281104
sample_data_1_99_0.csv,NeuralNet,0.5810344827586207,0.5392826643894107,0.5,0.5,0.4585363024173532,0.0,0.0,0.0,0.0,0.05831632750755351,0.0
sample_data_2_99_0.csv,NeuralNet,0.8655172413793103,0.4752348420153715,0.8436450839328538,0.48497112880537313,0.4058152742815647,0.130648644487393,0.48567708333333337,0.05013075558046143,0.0513602215919996,0.47852779413133284,0.047925429315203716
sample_data_3_99_0.csv,NeuralNet,0.5560344827586207,0.6101622544833476,0.5,0.61317552321473,0.24952773038786868,0.3569284564115125,0.0,-0.19460788892002118,-0.21819453171726633,0.310216129070696,-0.19197692709110842
sample_data_4_99_0.csv,NeuralNet,0.5681034482758621,0.5764304013663536,0.5,0.5885166832137614,0.19924126797625522,0.15682779037943406,0.0,0.11564864107593165,0.05864176145888833,0.40819669309741313,0.07611360832987141
sample_data_5_99_0.csv,NeuralNet,0.9732758620689655,0.4743808710503843,0.9657836644591611,0.4887699895140584,0.36145151490427035,0.9925985432208828,1.0,0.5101802559073503,0.48414634437709503,0.5225084722016302,0.4845237687747505
sample_data_6_99_0.csv,NeuralNet,0.7905172413793103,0.5290350128095644,0.7831131535323195,0.5466664758797661,0.02967046404235643,0.5104340807106269,0.24611223799864768,-0.24483204134366926,-0.2125273067700083,0.4987361980061726,-0.19615075016572642
