filename,Algorithm,Accuracy Gen,Accuracy Orig,Accuracy Bal Gen,Accuracy Bal Orig,K1 Dist,Disparate Impact,Disparate Impact Gen,Equal Opp. Diff,Statistical Par. Diff,Theil Index,Avg. Odds
Original_0_0_0,Tree,0.601896551724138,0.6014517506404782,0.600105897978964,0.5989696773573373,0.002238351581428727,0.13495848575153663,0.1869200388983128,-0.05449083154322713,-0.07980210904231384,0.2762154490574007,-0.055769059085832795
sample_data_0_99_0.csv,Tree,0.9155172413793103,0.5219470538001708,0.9140355544953837,0.5259718941543626,0.22311029513667782,0.8512243547319656,0.6506517762054193,-0.8880856760374833,-0.8512243547319656,0.3888591126815894,-0.8516344610553908
sample_data_1_99_0.csv,Tree,0.8415517241379311,0.4357813834329633,0.8372489040309681,0.420915307493449,0.4187231012663345,0.8813300055765574,0.8850382097249165,0.9391908720151927,0.8758487497620738,0.2947576398814094,0.855660423957401
sample_data_2_99_0.csv,Tree,0.9358620689655173,0.5252775405636207,0.9345184497563238,0.5194059629711978,0.4083199982961755,0.41949619375525016,0.3114807188485047,-0.38213629712649044,-0.32552712120741517,0.30692452970359935,-0.31497282736321197
sample_data_3_99_0.csv,Tree,0.8708620689655172,0.5847139197267294,0.8694347858809361,0.5640219199472841,0.21454705757749712,0.23658544945906596,0.19766774004803317,-0.14569440552909313,-0.2146024221891448,0.15723649111133003,-0.21162140703613302
sample_data_4_99_0.csv,Tree,0.8987931034482759,0.6330486763450043,0.8957075227390436,0.6257536632919398,0.21395423995616714,0.2168344059735336,0.03724447676585718,-0.1297531210111765,-0.15169367677544776,0.21918584766545054,-0.12016659624065015
sample_data_5_99_0.csv,Tree,0.976551724137931,0.46404782237403924,0.9767983988559689,0.4534956196061425,0.365399784643321,1.0,1.0,0.9938420348058903,0.9774983454665784,0.31098577787576404,0.9776801797066101
sample_data_6_99_0.csv,Tree,0.7779310344827586,0.4828351836037575,0.7767283889553375,0.5118385473191872,0.025893882968069215,0.5021385452875476,0.07868252381987387,-0.0870909996575449,-0.10128133757977001,0.6518402904891849,-0.10208950381780262
