filename,Algorithm,Accuracy Gen,Accuracy Orig,Accuracy Bal Gen,Accuracy Bal Orig,K1 Dist,Disparate Impact,Disparate Impact Gen,Equal Opp. Diff,Statistical Par. Diff,Theil Index,Avg. Odds
Original_0_0_0,RandomForest,0.6612068965517242,0.6615713065755765,0.6580302975912697,0.6569107785059478,0.0018356136446616208,0.2463130880335611,0.2374423289298324,-0.1259051710718844,-0.16741950923870755,0.217103447186172,-0.13029697180703004
sample_data_0_99_0.csv,RandomForest,0.943448275862069,0.564730999146029,0.9406344517127383,0.5561340556818907,0.21762501897053274,0.5410335394192781,0.633827380925075,-0.47961302574639647,-0.510134345724614,0.2571340949378155,-0.5077263998506767
sample_data_1_99_0.csv,RandomForest,0.8917241379310343,0.44918872758326217,0.8889755895031201,0.4368430051284986,0.42765001283761955,0.9802647412755716,0.9898192408354498,0.993798449612403,0.9802647412755716,0.30641234689336233,0.9759468438538205
sample_data_2_99_0.csv,RandomForest,0.953448275862069,0.5631938514090521,0.9517567881178929,0.53825013189979,0.3840533331801924,0.19954938230112437,0.3334012925856412,-0.17968618660689273,-0.18795149250462512,0.14066557866155563,-0.18117069240591457
sample_data_3_99_0.csv,RandomForest,0.923448275862069,0.6490179333902647,0.9208700233310754,0.6387234301723612,0.19742260779661344,0.25672098439180024,0.23197218492221233,-0.1382973755487064,-0.1976276658694643,0.18744183606085235,-0.16985507853309997
sample_data_4_99_0.csv,RandomForest,0.9448275862068967,0.6469684030742954,0.9442153629009052,0.6331911970924076,0.2139570113735077,0.14055605401472432,0.03304172288506422,-0.06745898321970054,-0.10609194825591073,0.1652682752851132,-0.07456718794492881
sample_data_5_99_0.csv,RandomForest,0.9891379310344828,0.4535439795046968,0.9867271779211979,0.44212317936096657,0.35037529323956196,1.0,1.0,0.9933065595716197,0.9932495036399736,0.3110520134828333,0.9932501384245533
sample_data_6_99_0.csv,RandomForest,0.8372413793103449,0.4773697694278395,0.8346634051877899,0.508445475672102,0.027087158234908683,0.5466508362235836,0.17647308098373504,-0.07975623423928271,-0.08960730017576679,0.6778298468798514,-0.09044156763073585
