filename,Algorithm,Accuracy Gen,Accuracy Orig,Accuracy Bal Gen,Accuracy Bal Orig,K1 Dist,Disparate Impact,Disparate Impact Gen,Equal Opp. Diff,Statistical Par. Diff,Theil Index,Avg. Odds
Original_0_0_0,LogReg,0.6767241379310345,0.67933390264731,0.6677836809419535,0.6704226003227234,0.00089697799686554,0.25197426801526224,0.20845698555936543,-0.14264811182715353,-0.18860167834596042,0.17625738665575094,-0.14856165252290116
sample_data_0_99_0.csv,LogReg,0.8891379310344828,0.5550811272416738,0.8840197436626696,0.5681149593807351,0.22639373417206304,0.8151371733339265,0.6291446261425062,-0.5519753432333987,-0.5836421397517284,0.43523876953507346,-0.5791041014346998
sample_data_1_99_0.csv,LogReg,0.8822413793103447,0.43509820666097354,0.8749038355863281,0.43371622796686465,0.4232692095040994,0.998483493565135,1.0,0.7597755362535413,0.7923108595530092,0.4104916160552567,0.7921914330482367
sample_data_2_99_0.csv,LogReg,0.8258620689655173,0.5303159692570453,0.8110497408524793,0.5297616557954823,0.3882484157986029,0.1174111826229195,0.49667369947894324,-0.08192459761526727,-0.06471037501961147,0.34457962170075074,-0.053633702447623666
sample_data_3_99_0.csv,LogReg,0.7175862068965516,0.6567036720751495,0.7099239858508316,0.6511285412066684,0.22514587086261723,0.3050169404466746,0.3309593292938112,-0.17170231312848294,-0.22132998205697332,0.2143214929280878,-0.1884170171143952
sample_data_4_99_0.csv,LogReg,0.7758620689655172,0.6588385994876175,0.7724387340644961,0.6545931579414681,0.21331046848012686,0.004925810940411446,0.034875898057467866,0.07422714112263007,0.0027937921746741257,0.22189314525300813,0.03672090040424697
sample_data_5_99_0.csv,LogReg,0.9746551724137931,0.44491887275832626,0.9675496688741723,0.44066123804554974,0.361240391455289,1.0,1.0,0.8366800535475234,0.8517538054268696,0.3776856775827152,0.851586100072191
sample_data_6_99_0.csv,LogReg,0.6344827586206897,0.6686592655849701,0.6209190295901268,0.6640360088260955,0.02521765389697685,0.3039335902199438,0.2656282665022161,-0.1638102798792067,-0.21615493600479757,0.21229999595938187,-0.179723639067003
