filename,Algorithm,Accuracy Gen,Accuracy Orig,Accuracy Bal Gen,Accuracy Bal Orig,K1 Dist,Disparate Impact,Disparate Impact Gen,Equal Opp. Diff,Statistical Par. Diff,Theil Index,Avg. Odds
Original_0_0_0,LinSVC,0.6846551724137931,0.6801878736122972,0.676728171255579,0.6709443291162089,0.0025859976111726893,0.2514827368202933,0.2116906305354096,-0.1378926558948974,-0.18944427587184554,0.17349003779873542,-0.1502913790568977
sample_data_0_99_0.csv,LinSVC,0.9089655172413794,0.5593509820666097,0.9054561134710128,0.5722088059895346,0.23188551421330592,0.8083448649299079,0.6448021024229498,-0.5412658385479904,-0.5778060767369018,0.4298898143545024,-0.5728164977664743
sample_data_1_99_0.csv,LinSVC,0.8774137931034482,0.4487617421007686,0.8702329926365534,0.43754077152755,0.44148958122249515,0.982799947962403,1.0,0.961598331309735,0.9626366134906394,0.31594828135599506,0.9609018000768736
sample_data_2_99_0.csv,LinSVC,0.8520689655172415,0.5738684884713919,0.8365498568886827,0.5721669796305632,0.4003443333013877,0.17782724665583705,0.49011205944853203,-0.10349926839139512,-0.10592597724986685,0.30258630759814054,-0.08629629753817242
sample_data_3_99_0.csv,LinSVC,0.7177586206896551,0.6511528608027327,0.7112922405358622,0.6452394632430691,0.21639581593442664,0.31118898568964193,0.3380797745388303,-0.17437968929983505,-0.22842994136062766,0.2159195836984515,-0.19824901526406197
sample_data_4_99_0.csv,LinSVC,0.7956896551724137,0.6490179333902647,0.7948185571194485,0.6469055465420974,0.21893140031489758,0.04886675204345625,0.03032651956254173,0.04153824600728495,-0.02716779716495399,0.24375206574572542,0.004391245500110524
sample_data_5_99_0.csv,LinSVC,0.9770689655172413,0.4880444064901793,0.9706401766004416,0.48921907252617264,0.3547148434622353,1.0,1.0,0.8018741633199464,0.7504963600264726,0.39179740754047726,0.7510679717123292
sample_data_6_99_0.csv,LinSVC,0.6437931034482758,0.6596925704526047,0.629386284402157,0.655317414367868,0.026661737260540042,0.3123087208189017,0.22962278225340088,-0.16750723825534697,-0.222111256322468,0.22039427379841312,-0.188854175929801
