,DI,Stat Par,Avg Odds,Eq Opp,Theil,prec,rec,acc,bal_acc,DI_sem,Stat Par_sem,Avg Odds_sem,Eq Opp_sem,Theil_sem,prec_sem,rec_sem,acc_sem,bal_acc_sem
1,0.4043333333333334,0.30866666666666664,0.08366666666666667,0.154,0.1446666666666667,0.6803333333333333,0.531,0.8220000000000001,0.7243333333333334,0.19455105014137322,0.1502379593992292,0.055884802147910584,0.10346658075597809,0.012574224075906677,0.009871395263307197,0.0484389650316079,0.007549834435270726,0.021058120629449433
100,0.04,0.03733333333333333,0.154,0.23666666666666666,0.12466666666666666,0.5499999999999999,0.6756666666666667,0.7826666666666666,0.7466666666666667,0.007637626158259734,0.006887992773257274,0.009712534856222303,0.011170397386744023,0.0021858128414340016,0.008621678104251658,0.010038813564250385,0.00470224532655529,0.004910306620885432
15,0.050333333333333334,0.045000000000000005,0.15533333333333335,0.23666666666666666,0.12166666666666666,0.5586666666666668,0.6803333333333333,0.7876666666666666,0.7516666666666666,0.023067533702394612,0.02437895267096873,0.012251983966326074,0.01474599757372978,0.002333333333333331,0.002185812841433995,0.009614803401237264,0.0008819171036881662,0.0031797973380564924
2,0.4243333333333333,0.3646666666666667,0.052333333333333336,0.11333333333333334,0.123,0.642,0.637,0.822,0.7600000000000001,0.0885293422795202,0.08285797755463528,0.019751230622700733,0.04214788778152999,0.0010000000000000009,0.008326663997864539,0.0043588989435406605,0.0030550504633038962,0.0023094010767585054
Base,0.052333333333333336,0.04700000000000001,0.15533333333333332,0.25433333333333336,0.127,0.5773333333333334,0.649,0.795,0.7456666666666667,0.02942410198761855,0.030610455730027936,0.015409232441768287,0.027762884896526462,0.004932882862316252,0.011464922347946556,0.02967041174863154,0.0040414518843273845,0.007264831572567788
Original,0.653,0.532,0.033,0.006,0.091,0.808,0.701,0.885,0.823,,,,,,,,,
