,DI,Stat Par,Avg Odds,Eq Opp,Theil,prec,rec,acc,bal_acc,DI_sem,Stat Par_sem,Avg Odds_sem,Eq Opp_sem,Theil_sem,prec_sem,rec_sem,acc_sem,bal_acc_sem
Base,0.115,0.050499999999999996,-0.15566666666666665,-0.28933333333333333,0.0715,0.43,0.6803333333333333,0.85,0.7765,0.02805589658758624,0.027328556493162973,0.012090400232323897,0.016770344195765466,0.0005627314338711358,0.02506923745682478,0.03126090920693838,0.01666133247972682,0.00490407993409569
Original,0.788,0.514,0.139,0.202,0.089,0.68,0.326,0.903,0.653,,,,,,,,,
sample_data,0.6686829268292683,0.40512195121951217,0.07978048780487805,0.07163414634146342,0.0981951219512195,0.5116585365853659,0.30141463414634145,0.884609756097561,0.631609756097561,0.02460540885967342,0.03980778810799665,0.014405305264038964,0.019864810046103066,0.002129129992994139,0.019031700440417236,0.016954889057104645,0.002652858110990751,0.008265036411822796
