filename,Algorithm,Accuracy Gen,Accuracy Orig,Accuracy Bal Gen,Accuracy Bal Orig,K1 Dist,Disparate Impact,Disparate Impact Gen,Equal Opp. Diff,Statistical Par. Diff,Theil Index,Avg. Odds
Original_0_0_0,LogReg,0.8996872207327972,0.9032293740322939,0.6445703183759871,0.6569978330953021,0.004225662525711757,0.7780392883617495,0.8160705017873984,0.18244590425420276,0.1699166261939453,0.08853676274354176,0.13188701543195389
sample_data_0_99_0.csv,LogReg,1.0,0.8829904888299049,0.0,0.5,12.627042319736912,1.0,1.0,0.0,0.0,0.12444084986325046,0.0
sample_data_1_99_0.csv,LogReg,1.0,0.8829904888299049,0.0,0.5,12.627042319736912,1.0,1.0,0.0,0.0,0.12444084986325046,0.0
sample_data_2_99_0.csv,LogReg,1.0,0.8829904888299049,0.0,0.5,12.627042319736912,1.0,1.0,0.0,0.0,0.12444084986325046,0.0
sample_data_3_99_0.csv,LogReg,1.0,0.8829904888299049,0.0,0.5,12.627042319736912,1.0,1.0,0.0,0.0,0.12444084986325046,0.0
sample_data_4_99_0.csv,LogReg,0.9982350312779268,0.876244193762442,0.9734006734006734,0.49904961151035526,0.6343150397089924,0.552826326562746,1.0,-0.00778642936596218,-0.00473665749284982,0.1267881444917158,-0.005468534147864082
sample_data_5_99_0.csv,LogReg,0.9349419124218052,0.8908648529086486,0.6553067690447882,0.6676248053763482,0.25917519683220636,0.7273821878640263,1.0,0.13461498100614938,0.18532917813393773,0.08956743725311707,0.12523276078892756
sample_data_6_99_0.csv,LogReg,1.0,0.8829904888299049,0.0,0.5,12.627042319736912,1.0,1.0,0.0,0.0,0.12444084986325046,0.0
