filename,Algorithm,Accuracy Gen,Accuracy Orig,Accuracy Bal Gen,Accuracy Bal Orig,K1 Dist,Disparate Impact,Disparate Impact Gen,Equal Opp. Diff,Statistical Par. Diff,Theil Index,Avg. Odds
Original_0_0_0,Tree,0.8734807864164432,0.8762220747622207,0.6986717630022709,0.7057412083145497,0.0033918048447167995,0.6764747250030417,0.6587985576271087,0.17597470284942737,0.22372645836706062,0.08468348598501269,0.15433056791763614
sample_data_0_99_0.csv,Tree,1.0,0.8829904888299049,0.0,0.5,12.627042319736912,1.0,1.0,0.0,0.0,0.12444084986325046,0.0
sample_data_1_99_0.csv,Tree,1.0,0.8829904888299049,0.0,0.5,12.627042319736912,1.0,1.0,0.0,0.0,0.12444084986325046,0.0
sample_data_2_99_0.csv,Tree,1.0,0.8829904888299049,0.0,0.5,12.627042319736912,1.0,1.0,0.0,0.0,0.12444084986325046,0.0
sample_data_3_99_0.csv,Tree,1.0,0.8829904888299049,0.0,0.5,12.627042319736912,1.0,1.0,0.0,0.0,0.12444084986325046,0.0
sample_data_4_99_0.csv,Tree,0.9980563002680967,0.35140455651404556,0.9872895331127566,0.3796978408613067,0.631160766151553,0.15838782652447886,1.0,-0.052144591125009646,-0.08616831255733638,0.11318149456025306,-0.04306806952765766
sample_data_5_99_0.csv,Tree,0.9577747989276141,0.773811103738111,0.8710782611741077,0.5823198855177274,0.26788802695012437,0.38459293666121586,1.0,0.04559643489271799,0.11306405482704658,0.12422858739584094,0.07089433289941878
sample_data_6_99_0.csv,Tree,1.0,0.8829904888299049,0.0,0.5,12.627042319736912,1.0,1.0,0.0,0.0,0.12444084986325046,0.0
