filename,Algorithm,Accuracy Gen,Accuracy Orig,Accuracy Bal Gen,Accuracy Bal Orig,K1 Dist,Disparate Impact,Disparate Impact Gen,Equal Opp. Diff,Statistical Par. Diff,Theil Index,Avg. Odds
Original_0_0_0,Tree,0.8725424486148347,0.8781599026871614,0.699714808189659,0.7076551852303409,0.004088797835829925,0.6470654877996264,0.6440795896682248,0.04738801110463718,0.19595275745097698,0.08392398068414383,0.0939488759977179
sample_data_0_99_0.csv,Tree,1.0,0.8830034280659074,0.0,0.5,12.58153827495876,1.0,1.0,0.0,0.0,0.12442619609136732,0.0
sample_data_1_99_0.csv,Tree,1.0,0.8830034280659074,0.0,0.5,12.58153827495876,1.0,1.0,0.0,0.0,0.12442619609136732,0.0
sample_data_2_99_0.csv,Tree,1.0,0.8830034280659074,0.0,0.5,12.58153827495876,1.0,1.0,0.0,0.0,0.12442619609136732,0.0
sample_data_3_99_0.csv,Tree,1.0,0.8830034280659074,0.0,0.5,12.58153827495876,1.0,1.0,0.0,0.0,0.12442619609136732,0.0
sample_data_4_99_0.csv,Tree,0.9980563002680964,0.42841977219949134,0.9872895331127566,0.38173698794881233,0.638414404970054,0.18154546601793023,1.0,-0.015153031497412359,-0.07706666169320586,0.1317296501448282,-0.025300253571247888
sample_data_5_99_0.csv,Tree,0.9561885612153709,0.7648789118655314,0.8682156932955655,0.5817680717507898,0.26390675363704186,0.2859135203310682,1.0,0.04450217637179974,0.07808218022312188,0.12465936746461208,0.045471043761441884
sample_data_6_99_0.csv,Tree,1.0,0.8830034280659074,0.0,0.5,12.58153827495876,1.0,1.0,0.0,0.0,0.12442619609136732,0.0
