filename,Algorithm,Accuracy Gen,Accuracy Orig,Accuracy Bal Gen,Accuracy Bal Orig,K1 Dist,Disparate Impact,Disparate Impact Gen,Equal Opp. Diff,Statistical Par. Diff,Theil Index,Avg. Odds
Original_0_0_0,RandomForest,0.9065013404825738,0.9072771510727714,0.6918476753858952,0.7078297189842824,0.0036172160946688877,0.6814483614443602,0.7254891083478001,0.0655473237209758,0.15333144460633533,0.07766046826459536,0.07009120151367905
sample_data_0_99_0.csv,RandomForest,1.0,0.8829904888299049,0.0,0.5,12.627042319736912,1.0,1.0,0.0,0.0,0.12444084986325046,0.0
sample_data_1_99_0.csv,RandomForest,1.0,0.8829904888299049,0.0,0.5,12.627042319736912,1.0,1.0,0.0,0.0,0.12444084986325046,0.0
sample_data_2_99_0.csv,RandomForest,1.0,0.8829904888299049,0.0,0.5,12.627042319736912,1.0,1.0,0.0,0.0,0.12444084986325046,0.0
sample_data_3_99_0.csv,RandomForest,1.0,0.8829904888299049,0.0,0.5,12.627042319736912,1.0,1.0,0.0,0.0,0.12444084986325046,0.0
sample_data_4_99_0.csv,RandomForest,0.9979445933869527,0.8396372483963725,0.9794282513173329,0.47905858976933074,0.6278390155288678,0.536164997374595,1.0,-0.00978865406006674,-0.025304624682963683,0.14057523826221546,-0.015028279791415125
sample_data_5_99_0.csv,RandomForest,0.9724754244861484,0.7827914178279143,0.8890038120070068,0.6047055595122192,0.2630528397155486,0.43266305018256324,1.0,0.08155392784435536,0.13708542442393826,0.11826100711245842,0.09258621362838673
sample_data_6_99_0.csv,RandomForest,1.0,0.8829904888299049,0.0,0.5,12.627042319736912,1.0,1.0,0.0,0.0,0.12444084986325046,0.0
