filename,Algorithm,Accuracy Gen,Accuracy Orig,Accuracy Bal Gen,Accuracy Bal Orig,K1 Dist,Disparate Impact,Disparate Impact Gen,Equal Opp. Diff,Statistical Par. Diff,Theil Index,Avg. Odds
Original_0_0_0,RandomForest,0.9039991063449507,0.9062921596815215,0.6880278884823178,0.7000526388680097,0.0036994271736924323,0.6859025783466907,0.7101535103560811,0.04625149946875964,0.1501697415532207,0.07941273532367629,0.06315882780997026
sample_data_0_99_0.csv,RandomForest,1.0,0.8830034280659074,0.0,0.5,12.58153827495876,1.0,1.0,0.0,0.0,0.12442619609136732,0.0
sample_data_1_99_0.csv,RandomForest,1.0,0.8830034280659074,0.0,0.5,12.58153827495876,1.0,1.0,0.0,0.0,0.12442619609136732,0.0
sample_data_2_99_0.csv,RandomForest,1.0,0.8830034280659074,0.0,0.5,12.58153827495876,1.0,1.0,0.0,0.0,0.12442619609136732,0.0
sample_data_3_99_0.csv,RandomForest,1.0,0.8830034280659074,0.0,0.5,12.58153827495876,1.0,1.0,0.0,0.0,0.12442619609136732,0.0
sample_data_4_99_0.csv,RandomForest,0.9980786416443251,0.8439455932765675,0.9788472827640937,0.4823112333735395,0.6327197933439355,0.6578460168383995,1.0,-0.0048147513452376865,-0.028360671825744144,0.13889350452540122,-0.016559154695008228
sample_data_5_99_0.csv,RandomForest,0.9719615728328865,0.7739688156585205,0.8888317493748804,0.6065119026340741,0.2592508052344277,0.3523655261887801,1.0,0.10132912910854439,0.1054208058516319,0.11814051704642237,0.07499663773628695
sample_data_6_99_0.csv,RandomForest,1.0,0.8830034280659074,0.0,0.5,12.58153827495876,1.0,1.0,0.0,0.0,0.12442619609136732,0.0
