filename,Algorithm,Accuracy Gen,Accuracy Orig,Accuracy Bal Gen,Accuracy Bal Orig,K1 Dist,Disparate Impact,Disparate Impact Gen,Equal Opp. Diff,Statistical Par. Diff,Theil Index,Avg. Odds
Original_0_0_0,LinSVC,0.900692582663092,0.9036824062811014,0.6419908693674345,0.6474103144719601,0.004429731698908446,0.7699235039783048,0.7924362870750898,0.14508002878980014,0.14699862741362718,0.09023830390395404,0.1060423241941724
sample_data_0_99_0.csv,LinSVC,1.0,0.8830034280659074,0.0,0.5,12.58153827495876,1.0,1.0,0.0,0.0,0.12442619609136732,0.0
sample_data_1_99_0.csv,LinSVC,1.0,0.8830034280659074,0.0,0.5,12.58153827495876,1.0,1.0,0.0,0.0,0.12442619609136732,0.0
sample_data_2_99_0.csv,LinSVC,1.0,0.8830034280659074,0.0,0.5,12.58153827495876,1.0,1.0,0.0,0.0,0.12442619609136732,0.0
sample_data_3_99_0.csv,LinSVC,1.0,0.8830034280659074,0.0,0.5,12.58153827495876,1.0,1.0,0.0,0.0,0.12442619609136732,0.0
sample_data_4_99_0.csv,LinSVC,0.9980786416443254,0.8562423974344797,0.9723443563304915,0.4950958969618128,0.6347905473973395,0.48816020626957995,1.0,-0.013428385372039619,-0.016226137934495084,0.13322956679443576,-0.014213957797256673
sample_data_5_99_0.csv,LinSVC,0.9345397676496872,0.8884219838549153,0.6505525387314524,0.6986250803432239,0.25820318090140687,0.6847482157299545,1.0,0.08348356582239436,0.19286859006382462,0.08380565900410614,0.10528582760246011
sample_data_6_99_0.csv,LinSVC,1.0,0.8830034280659074,0.0,0.5,12.58153827495876,1.0,1.0,0.0,0.0,0.12442619609136732,0.0
