filename,Algorithm,Accuracy Gen,Accuracy Orig,Accuracy Bal Gen,Accuracy Bal Orig,K1 Dist,Disparate Impact,Disparate Impact Gen,Equal Opp. Diff,Statistical Par. Diff,Theil Index,Avg. Odds
Original_0_0_0,LogReg,0.9006478999106345,0.9031294924250803,0.6445342525585888,0.6528368408156597,0.003923917778652829,0.7900334540270386,0.8295362301554985,0.2019604482983172,0.17323985003239412,0.08935482694522796,0.14039437929910367
sample_data_0_99_0.csv,LogReg,1.0,0.8830034280659074,0.0,0.5,12.58153827495876,1.0,1.0,0.0,0.0,0.12442619609136732,0.0
sample_data_1_99_0.csv,LogReg,1.0,0.8830034280659074,0.0,0.5,12.58153827495876,1.0,1.0,0.0,0.0,0.12442619609136732,0.0
sample_data_2_99_0.csv,LogReg,1.0,0.8830034280659074,0.0,0.5,12.58153827495876,1.0,1.0,0.0,0.0,0.12442619609136732,0.0
sample_data_3_99_0.csv,LogReg,1.0,0.8830034280659074,0.0,0.5,12.58153827495876,1.0,1.0,0.0,0.0,0.12442619609136732,0.0
sample_data_4_99_0.csv,LogReg,0.9980563002680964,0.8772531239632866,0.9707070707070706,0.5000236738781245,0.6403965581332484,0.25717609422713383,1.0,-0.0016862597251259554,-0.001963406873944527,0.12627506448885603,-0.0019171632146156906
sample_data_5_99_0.csv,LogReg,0.9343163538873995,0.8935087913303107,0.6510930309652354,0.672807414185151,0.2611442056325909,0.7452989402519339,1.0,0.11818212975974225,0.19865245855486324,0.0879008244863701,0.1273841658920803
sample_data_6_99_0.csv,LogReg,1.0,0.8830034280659074,0.0,0.5,12.58153827495876,1.0,1.0,0.0,0.0,0.12442619609136732,0.0
