filename,Algorithm,Accuracy Gen,Accuracy Orig,Accuracy Bal Gen,Accuracy Bal Orig,K1 Dist,Disparate Impact,Disparate Impact Gen,Equal Opp. Diff,Statistical Par. Diff,Theil Index,Avg. Odds
Original_0_0_0,LinSVC,0.9010277033065236,0.9004644990046449,0.6449150278467982,0.6468229464600278,0.003767763568925812,0.7579037330780801,0.7967125680920659,0.13178864006827995,0.14954805461119206,0.09124508120515085,0.1048529319311637
sample_data_0_99_0.csv,LinSVC,1.0,0.8829904888299049,0.0,0.5,12.627042319736912,1.0,1.0,0.0,0.0,0.12444084986325046,0.0
sample_data_1_99_0.csv,LinSVC,1.0,0.8829904888299049,0.0,0.5,12.627042319736912,1.0,1.0,0.0,0.0,0.12444084986325046,0.0
sample_data_2_99_0.csv,LinSVC,1.0,0.8829904888299049,0.0,0.5,12.627042319736912,1.0,1.0,0.0,0.0,0.12444084986325046,0.0
sample_data_3_99_0.csv,LinSVC,1.0,0.8829904888299049,0.0,0.5,12.627042319736912,1.0,1.0,0.0,0.0,0.12444084986325046,0.0
sample_data_4_99_0.csv,LinSVC,0.9980116175156389,0.8543463835434638,0.9739354258938315,0.49320924457610876,0.6339018622046101,0.6724714565794025,1.0,-0.010780671745685283,-0.023599643840051802,0.13411416318277442,-0.018119770236278747
sample_data_5_99_0.csv,LinSVC,0.9350536193029491,0.88940499889405,0.653046405282827,0.7049248544347675,0.25970422784688685,0.6761569416498994,1.0,0.08297829174274701,0.1904120123037073,0.08231562582270222,0.1025479571955998
sample_data_6_99_0.csv,LinSVC,1.0,0.8829904888299049,0.0,0.5,12.627042319736912,1.0,1.0,0.0,0.0,0.12444084986325046,0.0
