,DI,Stat Par,Avg Odds,Eq Opp,Theil,prec,rec,acc,bal_acc,DI_sem,Stat Par_sem,Avg Odds_sem,Eq Opp_sem,Theil_sem,prec_sem,rec_sem,acc_sem,bal_acc_sem
2,0.752,-0.582,-0.125,-0.15,0.141,0.687,0.546,0.824,0.731,,,,,,,,,
Base,0.08633333333333333,0.1035,0.16716666666666669,0.2165,0.11966666666666666,0.47783333333333333,0.727,0.735,0.7323333333333334,0.015433009355850782,0.019029363275387505,0.006695354940387979,0.009475406763476349,0.0021705094128132946,0.006769621686459128,0.011307814407155222,0.005446711546122738,0.002304584802325821
Original,0.668,-0.565,-0.063,-0.041,0.109,0.733,0.654,0.854,0.787,,,,,,,,,
sample_data,0.5331666666666667,-0.45736666666666664,-0.05293333333333334,-0.0322,0.14293333333333333,0.5984999999999999,0.5732666666666667,0.7975666666666666,0.7223333333333333,0.015171440451189356,0.01383652365925705,0.007400517741026573,0.012153368578961637,0.001323469259645289,0.006341208050539726,0.006588030479124227,0.0023147122327206245,0.0021449396922815604
