,DI,Stat Par,Avg Odds,Eq Opp,Theil,prec,rec,acc,bal_acc,DI_sem,Stat Par_sem,Avg Odds_sem,Eq Opp_sem,Theil_sem,prec_sem,rec_sem,acc_sem,bal_acc_sem
2,0.22166666666666668,0.4123333333333334,0.09716666666666667,0.07383333333333333,0.2265,0.7086666666666667,0.6953333333333332,0.681,0.6798333333333334,0.013800161029656303,0.03155911560512712,0.010371167297421784,0.00973110705133,0.004425306015783915,0.0015202339001321875,0.006741249472052203,0.002670830083201339,0.0023863035105460423
Base,0.13633333333333333,0.21916666666666665,0.10916666666666668,0.14533333333333334,0.25066666666666665,0.6958333333333333,0.66,0.6598333333333334,0.66,0.026008545604174885,0.04103040877744755,0.01337763473530023,0.014589189300452731,0.012432931182057506,0.0069061164517002045,0.020694604771936752,0.0031242776943017016,0.002594866727470484
Original,0.249,0.54,0.14,0.126,0.183,0.685,0.772,0.685,0.677,,,,,,,,,
sample_data,0.2661,0.5161,0.1366,0.1103,0.2339,0.6956,0.6867,0.6674,0.6658000000000001,0.02772181251088912,0.05385050293791755,0.017373159374928518,0.020639256015876368,0.011445959985951371,0.0064964947813758965,0.018617226192725676,0.004648058136947558,0.004194705657797168
