filename,Algorithm,Accuracy Gen,Accuracy Orig,Accuracy Bal Gen,Accuracy Bal Orig,K1 Dist,Disparate Impact,Disparate Impact Gen,Equal Opp. Diff,Statistical Par. Diff,Theil Index,Avg. Odds
Original_0_0_0,LogReg,0.9005808757819482,0.9031794304672381,0.6439991373201466,0.6549173546430519,0.0023533397052501017,0.7840495479628977,0.8147045774098682,0.19222806179327917,0.17158077643336486,0.0889459822055158,0.1361494585669462
sample_data_0_75_0-age.csv,LogReg,0.9966711349419125,0.8764722145424384,0.9890680417416963,0.49856016814714615,0.7379458876995083,0.6450929597810913,0.8359856389190146,-0.006131549609810479,-0.005188313695550634,0.12680611359026056,-0.0051420199038974945
sample_data_0_76_0-age.csv,LogReg,0.9950848972296693,0.8719380702239425,0.9764669363988612,0.49804253598151715,0.7258756071309126,0.004807451549902364,0.8940790270837453,0.002946329033285554,-6.434771359502961e-05,0.12829180206181695,0.0014093029005793527
sample_data_1_75_0-age.csv,LogReg,0.9861036639857016,0.8213989494055849,0.8952636298316703,0.5210806150763986,0.7765155010988686,0.1632596520066163,0.4872567431178009,0.01632425545469024,0.01770846843839606,0.1346073225941464,0.011527081336539034
sample_data_1_76_0-age.csv,LogReg,0.9842046470062555,0.8589991705833564,0.8808523032959151,0.5241282702627645,0.8109527573179733,0.4929242259227319,0.5719061830223614,0.0402930402930403,0.040803432593033,0.12651567006846912,0.03436754344453383
sample_data_2_75_0-age.csv,LogReg,0.996492403932082,0.8803981199889412,0.9731797992151382,0.5007832253204194,0.7355586151316456,0.8112701931776585,0.7113184625870781,0.012183468705207836,0.013122353267383629,0.12513536922903556,0.012813000675795
sample_data_2_76_0-age.csv,LogReg,0.9966041108132261,0.8785181089300526,0.9752023205378247,0.500128631193637,0.7498710775041012,0.8340479284838033,0.6484754675518867,0.018394648829431436,0.02301369165178905,0.125861364802754,0.021924282927617653
