filename,Algorithm,Accuracy Gen,Accuracy Orig,Accuracy Bal Gen,Accuracy Bal Orig,K1 Dist,Disparate Impact,Disparate Impact Gen,Equal Opp. Diff,Statistical Par. Diff,Theil Index,Avg. Odds
Original_0_0_0,NeuralNet,0.8981977956508788,0.8961017417749515,0.7563347463642695,0.6641652365762382,0.0035239334049908776,0.8062691094786425,0.7226663380452276,0.07315389924085576,0.15310646593605945,0.08888921227059053,0.08418576189337935
sample_data_0_75_0-age.csv,NeuralNet,0.9966487935656837,0.8307252787761498,0.9919092470873975,0.49479410880477587,0.7364013523409169,0.5576351098379272,0.8298061908537505,-0.02603917821309126,-0.018623133204124023,0.13708513290525004,-0.019670603151600696
sample_data_0_76_0-age.csv,NeuralNet,0.9947497765862376,0.8275550640493963,0.9790300463587341,0.5037948002436826,0.7266909980841123,0.4262833612389377,0.8871160262109221,-0.013882253012687794,-0.017734125599661667,0.13726096422766965,-0.01791974389110496
sample_data_1_75_0-age.csv,NeuralNet,0.9868185880250223,0.7871163948023224,0.9095439980839566,0.5289992340231663,0.7834919546666034,0.47723383170480044,0.437743886786897,-0.050671550671550665,-0.030640292147556907,0.1313645200460899,-0.04548868317702768
sample_data_1_76_0-age.csv,NeuralNet,0.9571417932677987,0.8306331213713022,0.6306822857022295,0.5714060269892008,0.80979085634339,0.4892151282147283,0.8542192318474909,0.09027445983967723,0.10101615392002883,0.12134626691862747,0.0788643540498985
sample_data_2_75_0-age.csv,NeuralNet,0.9973562704795947,0.8336927472122385,0.9860053690463392,0.4968160881809325,0.7389716336883665,0.7098095392644902,0.71563205208584,0.18914901523597175,0.15976649153140518,0.13753941957536933,0.1720381078469696
sample_data_2_76_0-age.csv,NeuralNet,0.9787012213285671,0.8425029951156575,0.8235111491770448,0.48895924219590076,0.753017019929758,0.6002768831923978,0.7784862473215871,0.0775601210383819,0.0656949938484256,0.13773202788377567,0.07345912327009195
