filename,Algorithm,Accuracy Gen,Accuracy Orig,Accuracy Bal Gen,Accuracy Bal Orig,K1 Dist,Disparate Impact,Disparate Impact Gen,Equal Opp. Diff,Statistical Par. Diff,Theil Index,Avg. Odds
Original_0_0_0,RandomForest,0.9041778373547811,0.9073818081282831,0.6934321790459415,0.705468259568604,0.002474700009074026,0.6931901477512505,0.7084417880719875,0.06929447364229974,0.15794626675456386,0.07808978204277975,0.07464062113576486
sample_data_0_75_0-age.csv,RandomForest,0.9970509383378016,0.8704672380425766,0.9927017918292023,0.4973326628471207,0.7343237908101834,0.732245714807799,0.8316205830247864,-0.006179327918458353,-0.011394114440844622,0.12886678842593757,-0.009220406104115387
sample_data_0_76_0-age.csv,RandomForest,0.9951295799821269,0.8570970417473044,0.9806131769172037,0.5118180475143179,0.7265378756646983,0.07856757856049941,0.8837340201633695,0.007835642618251312,0.001982389952283266,0.12954334663366027,0.00040994189281812546
sample_data_1_75_0-age.csv,RandomForest,0.9863047363717605,0.7363339784351672,0.9085890473740165,0.49197582248498717,0.7807664129944144,0.3484568167141712,0.47112848195368395,-0.058225832138875624,-0.06655332085032375,0.1484242544800146,-0.06274195703808218
sample_data_1_76_0-age.csv,RandomForest,0.9844950848972296,0.7520597179983411,0.8996243320318774,0.4826779756761712,0.8093483613991763,0.4837093680585641,0.5420454115116156,-0.08858098423315815,-0.08044443938004106,0.15048220319656166,-0.07918661235463574
sample_data_2_75_0-age.csv,RandomForest,0.9979222520107239,0.8661874481614598,0.9896995282765294,0.49736902820102424,0.7415127872226118,0.13705486814277626,0.7003565615158163,0.010574932314062747,-0.0028003097180575886,0.13009607936653428,0.001973088787535894
sample_data_2_76_0-age.csv,RandomForest,0.9977435210008936,0.8647055570915123,0.9888195509282782,0.497185851935952,0.7488564680077452,0.10613106929152125,0.6790833926263563,0.015384615384615385,0.0011096964296067851,0.13054765175168875,0.006268396175074508
