filename,Algorithm,Accuracy Gen,Accuracy Orig,Accuracy Bal Gen,Accuracy Bal Orig,K1 Dist,Disparate Impact,Disparate Impact Gen,Equal Opp. Diff,Statistical Par. Diff,Theil Index,Avg. Odds
Original_0_0_0,LinSVC,0.9008713136729224,0.9020735416090682,0.6417606280889285,0.6471166932481778,0.0028671084069661133,0.7637852898585759,0.802215119048765,0.13847746456442106,0.1482513788117502,0.09074482535010923,0.10545420920561979
sample_data_0_75_0-age.csv,LinSVC,0.9972296693476318,0.8602709427702516,0.9946195120487704,0.49676557581258873,0.7377889774673421,0.5717551228794876,0.8337361531105902,-0.018872431915910176,-0.01651423743434941,0.1318403867541865,-0.016556988670008058
sample_data_0_76_0-age.csv,LinSVC,0.9941018766756032,0.8126624274260437,0.9726714190910453,0.4987098704117299,0.7311102638921956,0.2164350927143178,0.8915400765623465,-0.031533683707596745,-0.019973932473107178,0.14110696725675592,-0.023421054830262734
sample_data_1_75_0-age.csv,LinSVC,0.9863270777479892,0.7653303842963782,0.891658389468638,0.5569763977962501,0.7781291901941472,0.004128509983215234,0.46353533959672505,-0.02842809364548493,-0.0007612803720370431,0.1309560975805591,-0.025477723739671054
sample_data_1_76_0-age.csv,LinSVC,0.984159964253798,0.8495991152889134,0.8789668134565322,0.5723063417649579,0.8102755675161463,0.4032716080444153,0.5817005909590597,0.019350215002388926,0.05371838737033126,0.11827301940178844,0.023410620500341178
sample_data_2_75_0-age.csv,LinSVC,0.9965817694369973,0.8444014376555156,0.9761818285668209,0.4998734847917178,0.7359119769948922,0.7294686644809928,0.7155625103031233,0.1240643414556458,0.11729800599171056,0.13504619196697792,0.12117707313971278
sample_data_2_76_0-age.csv,LinSVC,0.9972743521000893,0.7756704451202654,0.9800145123865205,0.4908820267434506,0.7487194264003246,0.5029711818193678,0.6733135697134764,0.1305940436375219,0.12921238733704027,0.14707119335995159,0.1342093761386685
