filename,Algorithm,Accuracy Gen,Accuracy Orig,Accuracy Bal Gen,Accuracy Bal Orig,K1 Dist,Disparate Impact,Disparate Impact Gen,Equal Opp. Diff,Statistical Par. Diff,Theil Index,Avg. Odds
Original_0_0_0,Tree,0.8726094727435211,0.877401161183301,0.6966040498831939,0.7066122233992822,0.0032662979845641234,0.6629657769168718,0.6630394400235495,0.10793119923554709,0.20968339249189535,0.08428529669234341,0.12285888996265326
sample_data_0_75_0-age.csv,Tree,0.9957551385165326,0.8161128006635334,0.9875996759776996,0.4867657249673606,0.7356471458155786,0.5540371376308052,0.8345274293432503,-0.03696448479057175,-0.04613088704775483,0.14324421163759088,-0.04026299588134703
sample_data_0_76_0-age.csv,Tree,0.9929401251117069,0.7361680951064418,0.9796238020822183,0.6080669529728027,0.7292917810445043,0.17027436290685055,0.887416441549612,-0.10823379519031692,0.0495640498261327,0.11742323689347293,-0.028535311342822712
sample_data_1_75_0-age.csv,Tree,0.9805183199285077,0.688515344207907,0.9120392148129219,0.5311082667138279,0.7813886314974254,0.1283122865009712,0.4417630075788024,-0.0932154801720019,-0.02755965653067292,0.136521026109302,-0.056825220616983974
sample_data_1_76_0-age.csv,Tree,0.9776362823949954,0.7691567597456456,0.8991549873585678,0.5434003067853228,0.8145392773828883,0.12008772657703375,0.5124465947259205,0.00046185698359610947,0.01777341941180604,0.13412573402261077,0.00036912880935094925
sample_data_2_75_0-age.csv,Tree,0.9976988382484361,0.80599391761128,0.990565026610042,0.4810358733799099,0.7366187992809248,0.33349794139083583,0.6832428653364315,0.0721930243669374,0.04394194763771835,0.1462116812662614,0.058619383552942585
sample_data_2_76_0-age.csv,Tree,0.997520107238606,0.8091899364113907,0.9878096404484038,0.47148950335130646,0.743672582035898,0.14717855084936046,0.6710811632199807,0.04373307851568721,0.013836635231244565,0.14799036684025518,0.03128622213698989
