,DI,Stat Par,Avg Odds,Eq Opp,Theil,prec,rec,acc,bal_acc,DI_sem,Stat Par_sem,Avg Odds_sem,Eq Opp_sem,Theil_sem,prec_sem,rec_sem,acc_sem,bal_acc_sem
2,0.263,0.219,0.0685,0.0945,0.08,0.227,0.627,0.47500000000000003,0.5405,0.254,0.21399999999999997,0.0665,0.08049999999999999,0.02299999999999999,0.10700000000000001,0.206,0.21,0.029499999999999967
Base,0.09366666666666668,-0.0325,-0.19599999999999998,-0.35933333333333334,0.0745,0.36333333333333334,0.7216666666666667,0.8156666666666667,0.775,0.007149203529842408,0.025118054595582577,0.009875896583770676,0.01663864310706989,0.0008465616732800201,0.012719189352225938,0.02576388514525278,0.012181041736147926,0.004939635614091396
Original,0.668,0.544,0.075,0.041,0.075,0.595,0.505,0.902,0.73,,,,,,,,,
sample_data,0.5124634146341464,0.3931707317073171,0.040170731707317074,-0.017097560975609757,0.09526829268292683,0.41609756097560974,0.41504878048780486,0.8587317073170732,0.6663658536585366,0.027199872165252315,0.035504377992480816,0.011910381945864341,0.0166258982841144,0.0017820324071961887,0.011417562684573144,0.02132546717583692,0.003932048493337281,0.00853584665793366
